inom,prod,charge,dette,emp,caf,pop1,equip,subv,anomalie,score_anomalie
VILLE DE PARIS,7596960.58,7447929.54,9226931.46,863000.0,435289.19,2182174,1627417.23,874221.67,-1,-0.8781792293760147
LYON,717870.1,644428.99,362486.2,20000.0,106042.61,529570,100545.39,92415.57,-1,-0.8722576437963905
MARSEILLE,1306244.6,1144281.89,1396875.57,64164.68,234643.65,877095,180405.76,117179.64,-1,-0.8722576437963905
TOULOUSE,658792.33,632601.23,236601.06,34112.5,68743.14,498596,138507.33,69023.73,-1,-0.8722576437963905
NANTES,462970.39,426917.8,290146.87,74487.5,53472.53,323975,116475.94,91821.93,-1,-0.8716676858126355
BORDEAUX,415406.79,367337.35,295862.6,40400.0,60165.13,264257,106620.85,78142.36,-1,-0.871078126851377
LILLE,396760.67,358993.04,339022.07,26333.67,49074.22,236400,77973.76,34205.3,-1,-0.871078126851377
NICE,588412.22,583320.79,525565.38,50400.0,34350.59,345528,81669.21,42487.94,-1,-0.871078126851377
STRASBOURG VILLE,458244.36,441266.24,304717.15,55000.0,57095.3,290106,106023.45,48115.26,-1,-0.871078126851377
RENNES,326018.45,310238.19,270686.98,33000.0,30392.25,224655,81656.21,56517.9,-1,-0.8704889666427331
MONTPELLIER,357262.69,316140.06,244424.36,59900.0,57567.06,298933,105671.29,26946.29,-1,-0.8704889666427331
SAINT-DENIS,252923.43,217132.43,206470.58,10000.0,44764.98,155302,49350.25,32969.4,-1,-0.8699002049170046
GRENOBLE,281110.54,263063.28,263984.91,32200.0,27451.88,160441,39108.14,38094.29,-1,-0.8699002049170046
REIMS,259483.53,218510.04,243801.82,24000.0,55039.78,184114,55155.66,36860.45,-1,-0.8699002049170046
ANGERS,238937.45,224339.55,164058.21,18000.0,26150.55,158930,57935.61,41719.05,-1,-0.8699002049170046
AIX-EN-PROVENCE,213215.59,196189.9,120447.12,20000.0,23119.84,148336,64005.86,24508.3,-1,-0.8693118414046744
SAINT-ETIENNE,279066.54,259045.05,260099.11,11000.0,30803.73,175792,40778.47,19518.51,-1,-0.8693118414046744
NIMES,250751.17,214276.77,176549.8,19000.0,37872.83,150786,55282.55,17907.96,-1,-0.8693118414046744
HAVRE (LE ),241937.46,212453.47,202803.18,5252.5,43706.37,170120,39934.11,19596.0,-1,-0.8687238758364081
PERPIGNAN,194405.73,170423.22,198579.94,15000.0,31692.12,120771,41249.07,16719.95,-1,-0.867549137455639
CANNES,245202.17,189739.12,191326.37,10000.0,64243.35,75347,68335.95,27207.7,-1,-0.8663759876236616
MONTREUIL,235789.78,225842.68,206350.18,13000.0,21213.3,111810,39092.06,8486.44,-1,-0.8663759876236616
TOURS,206928.78,186146.34,191058.7,15377.59,28842.87,139843,32207.16,19679.47,-1,-0.8663759876236616
NANTERRE,268541.67,263786.63,154208.05,22000.0,16184.88,96917,45456.57,12046.45,-1,-0.8663759876236616
MULHOUSE,184666.52,165746.24,216980.63,11767.0,24536.62,109531,37286.75,14341.05,-1,-0.8646192367064464
ARGENTEUIL,195712.75,167763.84,374257.22,39146.17,36088.61,111595,50152.69,8108.82,-1,-0.8646192367064464
COURBEVOIE,201995.68,189565.46,132960.16,4800.0,25109.17,82213,47680.15,21469.89,-1,-0.8646192367064464
DIJON,203013.6,179419.27,121189.68,45.0,34338.03,161380,46554.25,30550.94,-1,-0.8646192367064464
CLERMONT-FERRAND,177035.96,158753.56,163481.6,8000.0,26673.77,150596,34651.42,21118.86,-1,-0.8640344450164785
ROUEN,171125.54,164715.48,134910.86,41763.77,18892.42,113934,32479.43,19671.77,-1,-0.8622824420460921
BESANCON,170666.34,145656.86,110277.2,15100.0,30934.43,121144,38867.99,18655.7,-1,-0.8622824420460921
LIMOGES,179312.39,171419.07,132181.75,14000.0,21072.43,133136,28100.06,15355.81,-1,-0.8622824420460921
AVIGNON,173835.95,163667.08,197706.0,25000.0,17445.48,92821,33019.92,21216.88,-1,-0.8616992308646769
VITRY-SUR-SEINE,187225.67,179956.04,161154.67,13600.0,13334.74,95969,26517.16,8679.25,-1,-0.8611164141425081
SAINT-PAUL,165629.48,156968.27,122469.01,11000.0,20504.28,104556,37959.36,10201.81,-1,-0.8611164141425081
ANTIBES,164660.85,154895.62,192156.66,10000.0,15600.83,74523,49660.05,12707.79,-1,-0.8611164141425081
ANNECY,221945.75,206558.25,67872.98,20000.0,24583.36,134101,54974.69,15420.46,-1,-0.8611164141425081
LEVALLOIS-PERRET,174780.81,154444.71,300515.62,27200.0,27201.72,66653,36730.62,15211.69,-1,-0.86053399161279
BOULOGNE-BILLANCOURT,269403.48,262232.28,68863.12,6330.9,23563.8,122825,85169.97,13952.99,-1,-0.86053399161279
METZ,171961.61,168677.96,115457.29,18000.0,13742.25,120335,31859.42,24260.69,-1,-0.8593703280644265
BEZIERS,134707.37,113845.4,120013.07,25000.0,25885.35,79550,55360.32,7617.78,-1,-0.8593703280644265
RUEIL-MALMAISON,200731.09,187462.83,176957.09,15304.71,19706.07,79788,28879.15,10018.36,-1,-0.8593703280644265
LE MANS,181481.13,178319.61,81119.33,16100.0,11362.36,146703,34413.69,15788.62,-1,-0.8587890865130918
ROUBAIX,169416.95,157102.16,109847.22,20000.0,19235.88,99294,29246.31,22762.0,-1,-0.8582082380888293
CAEN,122884.84,106318.25,101514.28,10000.0,17147.55,108404,31775.45,26372.85,-1,-0.857047719558123
ORLEANS,179651.46,154108.92,89986.58,9000.0,30814.17,118632,25452.81,21555.86,-1,-0.857047719558123
SAINT-PIERRE,143914.62,130637.19,106811.42,20478.71,16945.97,85878,42678.12,12096.68,-1,-0.8564680489204297
TOURCOING,129196.97,120931.6,137564.51,15000.0,13158.53,99345,17924.26,14431.1,-1,-0.8564680489204297
ANTONY,111030.23,106194.79,126187.36,23800.0,13020.19,63535,42156.86,5083.18,-1,-0.8558887703473095
VILLEURBANNE,174432.97,156715.09,50026.63,10000.0,27554.89,153294,57654.42,15942.64,-1,-0.8558887703473095
COLOMBES,147417.19,120680.36,116770.72,20000.0,34061.76,87120,42327.4,5633.12,-1,-0.8553098835735863
CRETEIL,178430.98,173459.24,132201.04,13200.0,7806.79,93722,14604.94,22640.83,-1,-0.8553098835735863
LA ROCHELLE,142501.21,127893.23,84898.5,10993.27,22586.68,79333,42584.59,15965.6,-1,-0.854731388334264
PAU,120583.85,105992.93,108995.32,18000.0,23281.53,77070,45572.87,11227.09,-1,-0.854731388334264
FORT-DE-FRANCE,213972.81,186652.81,201694.25,1000.0,32237.0,77410,15277.17,17215.69,-1,-0.854731388334264
TOULON,227650.8,191053.82,62704.15,3000.0,39905.94,180641,44163.88,10852.55,-1,-0.8541532843645251
SAINT-DENIS,236610.46,219978.45,129060.99,0.0,23175.02,113766,26847.19,9935.66,-1,-0.8529982491754244
NANCY,133513.79,130412.75,113305.02,10397.95,7978.02,106504,18148.01,29646.58,-1,-0.8518447758913267
DUNKERQUE,152574.92,133827.3,82490.28,10019.82,23256.78,87547,22356.3,16238.69,-1,-0.8512686243035117
IVRY-SUR-SEINE,168103.58,155295.69,115963.27,10000.0,17822.22,63998,16169.95,9211.72,-1,-0.8512686243035117
POITIERS,105447.12,92821.92,92086.13,15600.0,16529.23,91487,21574.39,24191.44,-1,-0.8512686243035117
AULNAY-SOUS-BOIS,169223.79,165095.4,176842.58,14690.0,8669.41,87379,18437.6,10240.8,-1,-0.850692862400134
AMIENS,157637.93,147049.1,82134.28,17150.0,21415.39,137380,28047.2,6266.37,-1,-0.850692862400134
PANTIN,152034.17,134296.51,99699.55,21700.0,24180.91,60027,44801.58,5818.8,-1,-0.8501174899176276
CHERBOURG-EN-COTENTIN,147341.29,137880.04,50341.62,9000.0,14541.1,80912,31637.02,15028.43,-1,-0.8495425065926047
CHAMPIGNY-SUR-MARNE,131410.93,132297.26,114149.81,8000.0,19169.53,77334,42824.6,4456.92,-1,-0.8489679121618559
DRANCY,124805.71,126970.35,147964.48,21690.0,8889.66,72658,42374.63,4041.8,-1,-0.8478198889312318
GENNEVILLIERS,166039.54,149272.71,76302.76,20014.41,22766.83,48746,47428.66,10420.78,-1,-0.8478198889312318
CALAIS,111093.22,101092.36,104133.32,8000.0,13275.82,73134,21129.55,14062.6,-1,-0.8478198889312318
ASNIERES-SUR-SEINE,130456.51,123181.46,138473.17,0.0,16705.52,87809,60679.71,5001.23,-1,-0.8466734181236373
BOURGES,105610.2,98372.94,110180.3,23227.13,11052.57,66606,21218.34,8540.74,-1,-0.8466734181236373
BOBIGNY,129833.05,129817.75,107039.19,27000.0,5714.45,54528,52129.46,5421.16,-1,-0.8461007642223414
AUBERVILLIERS,174163.91,151159.45,114082.41,0.0,30492.16,89139,24191.15,9364.51,-1,-0.8455284976397964
CLICHY,136357.01,126196.97,90193.14,0.0,24370.37,63346,38083.39,8144.47,-1,-0.8449566181140362
CHAMBERY,108111.07,97523.05,101231.57,11940.0,17658.3,60478,24253.13,13022.81,-1,-0.8449566181140362
SAINT-MAUR-DES-FOSSES,128562.84,117578.08,207323.59,0.0,15105.15,75888,22568.38,5569.76,-1,-0.8443851253832723
VERSAILLES,129534.79,120531.32,41368.47,4900.0,15937.71,86846,34251.55,5233.87,-1,-0.8432432992604628
EVRY-COURCOURONNES,115227.89,104773.98,117143.98,13795.95,13651.14,67317,35807.33,3593.92,-1,-0.8432432992604628
BREST,142195.52,126548.98,19547.05,22.5,21666.3,142555,22301.48,20355.54,-1,-0.8421030171805973
ISSY-LES-MOULINEAUX,155335.58,149809.79,8746.24,6500.0,14709.77,68685,36369.5,17654.24,-1,-0.840395484574714
LA SEYNE-SUR-MER,95852.76,88829.11,114654.64,9000.0,11233.92,63749,11280.17,7942.98,-1,-0.8398270768007465
SAINT-NAZAIRE,119529.23,108865.8,55106.24,0.0,16608.19,73139,28066.39,11864.76,-1,-0.8392590534736298
LE TAMPON,102117.66,87892.15,118455.98,0.0,23495.74,80833,36958.85,5538.19,-1,-0.8386914143333405
SARCELLES,109239.78,102630.18,83611.08,10500.0,9947.57,59448,18159.95,10283.74,-1,-0.8386914143333405
FREJUS,87141.72,80718.35,151014.17,14960.0,8915.41,55301,23211.55,5984.69,-1,-0.837557287574029
FONTENAY-SOUS-BOIS,99068.78,93021.19,78923.07,13000.0,9759.0,52427,33779.15,6742.2,-1,-0.8369907994358387
MARTIGUES,146242.93,139755.91,30922.93,6000.0,10754.72,49090,23491.93,12479.26,-1,-0.8364246944461393
COLMAR,105033.35,86382.23,67229.2,4000.0,27398.74,69756,29386.08,6376.14,-1,-0.8364246944461393
MERIGNAC,92207.25,83760.23,19296.66,13000.0,11434.45,72920,33847.36,13066.73,-1,-0.8364246944461393
SURESNES,117761.41,100798.55,50123.13,4477.5,21003.11,49816,28901.47,7083.15,-1,-0.8358589723457853
LA ROCHE-SUR-YON,81451.51,72720.37,89040.19,5000.0,13459.09,58103,21742.46,8319.28,-1,-0.8352936328758067
NOISY-LE-GRAND,131597.75,114056.34,74601.45,0.0,24625.81,68256,33985.53,3577.11,-1,-0.8347286757774086
TROYES,92085.9,84436.33,47541.55,6200.0,11915.95,63087,24880.71,6004.46,-1,-0.8347286757774086
BLANC-MESNIL (LE ),109867.33,107645.79,98749.98,3000.0,22851.61,57664,35970.82,2855.18,-1,-0.8341641007919711
VANNES,88465.04,74414.19,65158.81,6460.0,17802.71,55692,26209.48,7135.01,-1,-0.8341641007919711
BAYONNE,83336.38,74239.99,69602.8,11000.0,12344.86,53063,32657.06,7650.51,-1,-0.8335999076610493
SAINT-OUEN-SUR-SEINE,140510.25,129710.73,103373.69,0.0,12667.96,50826,36193.73,4257.28,-1,-0.8335999076610493
AJACCIO,100986.16,101124.28,84372.14,12581.4,4697.88,72228,21854.14,3354.1,-1,-0.8335999076610493
NIORT,89980.16,78972.8,59875.94,7000.0,14158.5,61027,17393.3,10763.73,-1,-0.8335999076610493
ABYMES,91866.39,89627.9,56894.37,3000.0,6433.42,54027,76927.47,13020.65,-1,-0.8330360961263729
CHARTRES,66684.58,58376.99,127014.17,13810.0,11371.75,39698,20957.26,7741.03,-1,-0.8330360961263729
ISTRES,118442.34,113983.67,43745.12,5390.0,5343.9,44283,14406.04,14468.86,-1,-0.8324726659298465
ARLES,91767.36,88927.99,100681.01,6000.0,5314.29,51243,17023.7,9127.05,-1,-0.8324726659298465
VAULX-EN-VELIN,87663.0,78308.55,74951.4,8000.0,11145.68,53016,15274.31,7911.11,-1,-0.8319096168135492
QUIMPER,72256.31,58925.64,47181.07,6000.0,16170.07,65761,20431.81,12273.71,-1,-0.8319096168135492
EPINAY-SUR-SEINE,101771.69,93399.9,27999.56,0.0,11736.61,54768,23907.49,14150.62,-1,-0.8313469485197347
SAINT-QUENTIN,87633.44,79039.43,44632.45,2000.0,11055.07,54851,41800.01,7701.16,-1,-0.8313469485197347
VINCENNES,86364.06,69928.69,50815.15,9000.0,17348.32,50230,38254.51,7453.97,-1,-0.8313469485197347
VENISSIEUX,117389.5,99335.22,32165.86,1000.0,21315.42,67551,15771.29,7301.74,-1,-0.8307846607908305
MONTAUBAN,78759.15,70919.1,81222.37,8000.0,11676.52,62832,17998.73,4864.6,-1,-0.8307846607908305
VALENCE,83265.29,77391.22,56572.16,1500.0,10599.97,66149,29926.79,5618.06,-1,-0.830222753369439
SAINT-ANDRE,83863.23,75854.1,66996.35,7500.0,9910.01,57366,13917.82,5985.8,-1,-0.8296612259983361
VILLENEUVE-D'ASCQ,104221.41,92314.77,41018.84,4000.0,14069.22,62613,21440.59,10819.2,-1,-0.8296612259983361
MASSY,97282.46,90258.35,61806.99,4000.0,10175.9,50996,27138.95,5358.11,-1,-0.8296612259983361
CLAMART,87980.49,92559.18,110570.87,7000.0,55.08,53424,31180.71,4990.87,-1,-0.8291000784204722
NEUILLY-SUR-SEINE,100878.12,95827.34,32776.93,5000.0,13032.42,60584,45436.88,3537.2,-1,-0.8285393103789711
BONDY,101157.1,96732.78,105128.55,16000.0,6988.86,54746,14077.29,2485.5,-1,-0.8274189118784222
AGDE,80142.67,68854.55,84005.71,8000.0,14203.96,30000,24178.54,6583.07,-1,-0.8274189118784222
SAINT-MALO,81381.85,75109.73,58286.42,7000.0,8760.79,48141,22349.51,8867.26,-1,-0.8274189118784222
LORIENT,88250.5,84725.53,40692.65,6800.0,7727.56,58732,17329.9,9965.01,-1,-0.8268592809064906
BRIVE-LA-GAILLARDE,84872.11,72755.77,86779.55,5000.0,15987.95,47615,18509.46,6109.5,-1,-0.8263000284451543
VILLE D ANGOULEME,78279.13,71455.88,59822.21,10500.0,10627.9,43290,20244.69,7194.8,-1,-0.8257411542384044
TARBES,67407.39,69896.59,67407.29,12800.0,5368.11,43821,16682.79,13956.11,-1,-0.8257411542384044
CHARLEVILLE-MEZIERES,71919.93,64514.41,82774.02,7181.0,10167.13,47526,13311.15,7092.38,-1,-0.8251826580304059
SEVRAN,94372.54,86039.87,65953.74,4800.0,10186.97,51907,15413.55,3702.11,-1,-0.8251826580304059
PLESSIS-ROBINSON (LE ),135505.51,130118.44,76809.15,0.0,7495.69,30215,43721.57,3802.0,-1,-0.8246245395654964
NARBONNE,78313.74,70229.67,61843.42,5000.0,10696.01,56700,18916.25,4554.34,-1,-0.8246245395654964
SETE,90136.82,77385.71,67468.59,3000.0,16652.3,44459,21467.85,9417.35,-1,-0.8240667985881867
AUBAGNE,76498.81,75607.92,138317.42,5800.0,4936.01,47986,8573.28,4935.58,-1,-0.82350943484316
EVREUX,83122.69,77566.26,86370.83,2984.51,9989.38,47574,13698.31,8663.48,-1,-0.82350943484316
BEAUVAIS,89305.99,81514.27,43838.4,23.6,13579.27,58520,18704.34,6958.63,-1,-0.8229524480752726
BELFORT,84495.12,73792.71,61736.39,4000.0,13941.33,47242,15359.34,6064.13,-1,-0.8218396044512026
ROSNY-SOUS-BOIS,83507.43,77903.25,78551.87,7450.0,7983.63,46198,22659.58,3509.57,-1,-0.8218396044512026
SAINT-RAPHAEL,81483.24,75809.4,72134.3,5000.0,8475.9,36628,16517.65,4738.51,-1,-0.8218396044512026
SAINT-PRIEST,71793.39,68571.93,43146.84,27000.0,5946.01,47211,27583.65,5970.38,-1,-0.8218396044512026
LES SABLES-D'OLONNE,54083.96,48651.39,59991.17,10227.17,13365.31,46463,32388.84,3940.49,-1,-0.8212837470855947
VILLEJUIF,109833.1,104744.68,98805.71,3000.0,8466.24,55451,16061.78,2841.18,-1,-0.8212837470855947
BIARRITZ,63271.18,51879.72,51580.3,8500.0,14500.13,26508,12996.2,7800.52,-1,-0.8212837470855947
THONON-LES-BAINS,67497.85,60687.11,48297.45,7000.0,10131.55,36973,21101.24,5949.98,-1,-0.8207282656782751
BOULOGNE-SUR-MER,69002.9,59546.55,48323.04,7671.51,12997.95,40687,15012.18,6544.36,-1,-0.8201731599749614
CERGY,92778.64,83469.6,48678.4,4000.0,12603.8,66429,11682.27,3173.58,-1,-0.8196184297215438
CANNET (LE ),66738.91,61270.63,70788.91,5000.0,7569.21,42246,18477.09,6134.51,-1,-0.8196184297215438
SAINT-BRIEUC,72870.07,68728.93,63559.45,7000.0,6727.26,45099,12763.29,8455.9,-1,-0.8190640746640834
ALBI,65128.16,63878.62,50998.48,4500.0,6528.31,50625,15489.43,9029.39,-1,-0.8190640746640834
BAGNOLET,88395.94,80769.55,148375.24,7000.0,9722.69,36166,6722.41,3214.43,-1,-0.8190640746640834
BLOIS,79186.22,73744.86,49911.47,8300.0,9333.29,47418,21732.75,4324.4,-1,-0.818510094548814
THIONVILLE,57802.25,50392.67,65702.95,6500.0,10116.52,41534,15779.08,4534.01,-1,-0.818510094548814
BAGNEUX,92462.01,85972.68,56769.63,5395.0,10669.34,41070,12055.45,3466.68,-1,-0.8179564891221405
PUTEAUX,187793.27,178790.14,717.68,0.0,18867.17,45446,38256.2,6020.1,-1,-0.8179564891221405
MEAUX,90907.45,85517.01,53191.13,0.0,8448.26,56229,21856.32,3831.36,-1,-0.8174032581306395
CAYENNE,95840.9,89853.91,31906.75,0.0,7968.25,65878,15340.46,4123.84,-1,-0.816850401321059
BOURG EN BRESSE,62866.14,59676.68,46887.15,5088.2,6010.31,42853,21208.61,5831.79,-1,-0.816850401321059
CHALON-SUR-SAONE,72857.41,69907.54,80339.88,7300.0,6389.24,46577,12562.09,4069.88,-1,-0.8157458092355075
MENTON,66237.22,64199.85,51078.67,5000.0,6899.95,30981,12599.81,8247.79,-1,-0.8157458092355075
CARCASSONNE,70968.22,65235.85,56670.75,6000.0,10325.82,48116,12527.69,2159.48,-1,-0.8157458092355075
NOISY-LE-SEC,81526.72,72471.39,66008.58,3734.0,10940.49,44591,13558.1,4125.56,-1,-0.8157458092355075
VALENCIENNES,74420.46,63235.64,58630.65,1500.0,14233.33,43677,20933.86,5548.3,-1,-0.8151940734538886
CHELLES,64400.35,60404.22,58852.18,7369.65,6529.62,55448,20150.4,2141.72,-1,-0.8151940734538886
COURCHEVEL,62522.35,56831.32,13235.53,20000.0,18233.21,2433,39537.76,4464.91,-1,-0.8151940734538886
MONTROUGE,87363.67,82628.64,24042.72,8000.0,8173.7,48587,26163.22,3316.23,-1,-0.8151940734538886
SAINT-LOUIS,94303.61,86712.1,29392.39,0.0,9137.31,53693,12762.9,9338.96,-1,-0.8146427108428936
MELUN,74860.89,71290.0,96032.35,4500.0,7278.75,41139,23265.6,1645.05,-1,-0.8140917211501261
LAVAL,68480.69,59927.11,67590.07,5000.0,10726.76,52370,10087.86,4682.05,-1,-0.8129908595105394
GRASSE,68609.34,63207.16,82796.03,3766.32,8877.6,49792,12040.65,5932.33,-1,-0.8118914865193666
CORBEIL-ESSONNES,78580.01,76591.88,109853.93,7520.0,5219.7,51528,7658.86,2572.43,-1,-0.8118914865193666
ANGLET,59589.41,50744.93,42850.88,6000.0,11242.54,40840,17904.72,3899.63,-1,-0.8113423576377554
SALON-DE-PROVENCE,70712.3,69096.86,24378.74,4000.0,5340.83,45970,19491.5,7933.18,-1,-0.8113423576377554
VITROLLES,74828.22,71967.02,36722.95,7000.0,5976.0,33701,24139.07,3403.73,-1,-0.8107936001635718
LENS,54772.94,50472.89,32744.66,10000.0,10370.41,31648,27612.0,2125.67,-1,-0.8107936001635718
ORLY,59490.11,55229.71,48406.12,4500.0,6303.67,24805,14329.82,3898.94,-1,-0.8102452138456119
GARGES-LES-GONESSE,75188.83,65931.49,35735.99,4000.0,12932.69,43333,28446.85,2949.08,-1,-0.8102452138456119
HYERES,93278.08,85441.46,11842.74,0.0,10609.46,55798,16540.1,8742.0,-1,-0.8102322410214898
SAINT-MARTIN-D'HERES,58845.74,54119.16,31562.82,8000.0,6946.43,38200,14088.46,4512.12,-1,-0.8096971984328412
BASTIA,58672.34,57205.0,49266.1,6000.0,4497.36,49198,14888.21,3511.86,-1,-0.8096971984328412
DREUX,57541.89,58260.37,49193.89,15000.0,3604.73,31165,14151.66,4951.73,-1,-0.8091495536743952
TREMBLAY-EN-FRANCE,130506.72,119553.4,6931.69,0.0,13379.82,36624,19411.86,11120.47,-1,-0.8086022793195793
GAP,64964.53,52968.92,37731.82,5000.0,14459.0,42176,8794.79,5767.58,-1,-0.8086022793195793
CHATEAUROUX,73803.27,66996.77,31108.4,0.0,11750.47,44662,17569.15,5844.96,-1,-0.808055375117868
ANNEMASSE,55825.2,49968.07,31425.69,4000.0,7985.24,36978,14913.66,6618.88,-1,-0.808055375117868
VICHY,44020.82,41393.12,54836.17,8500.0,6367.92,25302,16113.14,3872.01,-1,-0.808055375117868
CHATENAY-MALABRY,71731.98,69375.95,63801.3,0.0,3551.5,34378,22861.7,4437.51,-1,-0.8075088408189055
CASTRES,61106.71,56333.34,77363.06,6000.0,6613.75,43549,10844.72,3469.71,-1,-0.8069626761725055
VILLEPINTE,71737.26,69175.38,33284.9,7800.0,5296.97,37796,14038.76,3044.44,-1,-0.8069626761725055
STAINS,68932.47,61836.12,52043.18,6996.0,9267.05,38361,13111.0,1988.75,-1,-0.8069626761725055
MAUBEUGE,49181.13,49674.61,85950.68,11600.0,4540.44,29872,10800.73,3980.89,-1,-0.8064168809286505
LIEVIN,52381.97,46288.89,38067.41,8500.0,7067.59,30475,17818.83,4207.59,-1,-0.8064168809286505
SIX-FOURS-LES-PLAGES,48206.35,40891.36,51207.58,8700.0,9067.99,35154,13859.08,3085.24,-1,-0.8064168809286505
LA POSSESSION,51617.46,47880.96,62309.8,5500.0,6328.26,33405,9118.24,5987.76,-1,-0.8064168809286505
MAMOUDZOU,58624.98,60026.77,34478.04,0.0,107.35,72974,22435.04,5675.29,-1,-0.804781709114719
LE PORT,73532.59,72841.8,30218.25,0.0,3858.77,33235,23691.46,11575.53,-1,-0.804781709114719
TALENCE,50212.99,44452.94,19458.47,5000.0,6806.03,44799,18670.57,6388.78,-1,-0.804781709114719
CHALONS-EN-CHAMPAGNE,67359.56,62402.68,34996.58,2435.0,7251.06,45625,17320.98,5935.69,-1,-0.804781709114719
EPINAL,56488.44,52461.57,56027.76,5085.15,6352.76,33706,12685.77,2948.46,-1,-0.8042373889842519
COURNEUVE (LA ),96163.26,91350.73,66274.93,0.0,7380.51,45181,19256.75,1736.54,-1,-0.8042373889842519
CIOTAT (LA ),65876.09,59492.2,33207.11,4000.0,10248.48,36374,9834.51,6190.06,-1,-0.8036934370087777
ALFORTVILLE,79368.6,71946.17,41566.55,0.0,9917.84,44966,9919.96,5297.68,-1,-0.802606636526959
BEZONS,52685.38,47624.73,45516.06,5000.0,5526.85,31795,15253.09,2922.32,-1,-0.802606636526959
AUXERRE,48298.76,44801.01,60546.6,4500.0,5344.54,35554,10788.53,4415.13,-1,-0.8020637875231109
MACON,57601.19,53030.69,48618.49,854.69,8170.05,34663,18914.39,3524.64,-1,-0.8020637875231109
MEUDON,93224.83,88444.76,11141.92,0.0,7350.85,46502,23912.16,4259.29,-1,-0.8015213056792482
MANDELIEU-LA-NAPOULE,59190.58,42318.84,34252.72,10000.0,19955.24,22281,17619.0,1320.85,-1,-0.8015213056792482
DOUAI,64478.54,61326.39,29649.24,0.0,6775.45,40471,13414.89,8049.79,-1,-0.8015213056792482
SAINT-CLOUD,53021.03,50452.26,32710.27,6900.0,4328.02,30610,13065.25,3954.59,-1,-0.8015213056792482
TRAPPES,57827.19,53940.31,42349.47,6000.0,5471.08,32759,13552.88,1587.5,-1,-0.8009791907470395
SAINT-JOSEPH,53813.14,51111.13,40739.7,3000.0,5410.13,38425,9984.77,11750.46,-1,-0.8009791907470395
POISSY,68734.23,61316.74,21775.24,0.0,8659.67,39475,14287.43,5748.09,-1,-0.8009791907470395
DIEPPE,54787.05,52516.47,50157.29,1000.0,4114.57,28709,11595.52,6915.34,-1,-0.7993550449395423
LAMENTIN (LE ),73792.49,73723.78,22956.16,0.0,3982.86,40685,7920.61,18613.19,-1,-0.7993550449395423
SARTROUVILLE,74515.5,67584.09,13110.83,0.0,9115.77,53223,13990.87,5124.15,-1,-0.7993422464777535
CHOLET,51070.61,42599.4,41932.19,0.0,10138.72,55979,10189.08,6035.04,-1,-0.7988143951739933
PERREUX-SUR-MARNE (LE ),55359.43,47698.0,12756.75,5000.0,9798.09,33891,16482.01,2379.19,-1,-0.7988143951739933
MUREAUX (LES),63204.53,55412.62,63790.45,0.0,8713.19,33362,12368.64,3733.87,-1,-0.7977341924131124
ROMANS SUR ISERE,47697.9,42624.82,65897.97,2500.0,8203.5,33778,15261.33,3511.3,-1,-0.7977341924131124
ARRAS,66254.46,57985.29,36296.46,0.0,10677.33,42482,8700.36,5762.24,-1,-0.797194638923297
SAINT-LEU,46308.91,41433.51,43444.77,5500.0,5626.09,35062,3887.86,5106.21,-1,-0.797194638923297
CLICHY-SOUS-BOIS,56724.64,56917.68,23926.26,9000.0,3035.48,28874,19536.85,3324.54,-1,-0.797194638923297
LIBOURNE,40113.48,36383.68,41188.21,5726.1,5918.62,24801,12396.82,4772.43,-1,-0.7966554503645216
MAISONS-ALFORT,71398.75,63848.86,20125.07,1500.0,8867.6,56774,11446.71,3492.42,-1,-0.7961166264899622
VILLENEUVE-LA-GARENNE,57326.51,55173.68,31738.29,6500.0,8224.14,24183,12259.52,2944.2,-1,-0.7961166264899622
REZE,56485.67,54875.09,20318.24,1800.0,5819.78,43710,9835.8,10512.11,-1,-0.7961166264899622
LIVRY-GARGAN,63502.22,58279.2,36092.68,7500.0,7663.24,45908,11321.32,2034.72,-1,-0.7955781670529618
COMPIEGNE,61626.65,56441.37,34101.42,4200.0,7233.63,41643,12505.69,3308.49,-1,-0.7955781670529618
CHOISY-LE-ROI,75703.41,69324.76,30927.49,0.0,8683.65,46359,9144.87,4066.84,-1,-0.7955781670529618
ECHIROLLES,55237.37,51751.62,37015.57,1400.0,4717.07,37144,7466.54,8987.33,-1,-0.7955781670529618
PESSAC,64528.16,56027.45,11514.51,0.0,9925.73,66007,9772.24,8618.67,-1,-0.7955654290627089
MONTFERMEIL,52912.78,39597.76,40069.57,4770.17,9758.13,28058,18045.63,1332.52,-1,-0.7950400718070305
LES BELLEVILLE,43009.43,28102.3,30355.19,2980.0,14866.09,3611,26836.4,7068.13,-1,-0.7949285205401146
BLAGNAC,78605.52,73609.93,11449.52,0.0,8349.63,26014,26021.28,3208.41,-1,-0.794502340505845
CREIL,51117.92,48397.72,31895.22,6000.0,4438.64,36428,13840.94,2784.94,-1,-0.794502340505845
ROANNE,48142.6,41640.99,13785.94,5000.0,10396.86,34547,20233.86,2448.55,-1,-0.794502340505845
SAINT-DIZIER,35496.28,29300.01,31541.87,7700.0,4436.1,23427,24483.7,2283.51,-1,-0.7939649729032484
SAINT-TROPEZ,40916.33,34658.9,53949.56,13960.78,8281.02,3922,9570.29,3634.88,-1,-0.7939649729032484
AGEN,49834.82,45466.28,21757.04,3000.0,7174.19,33464,23826.28,3389.75,-1,-0.7939649729032484
HAY-LES-ROSES (L' ),51607.12,43142.84,39442.25,2700.0,9933.6,32244,25679.53,1194.01,-1,-0.7934279687532505
GONESSE,52062.94,47251.41,39943.12,4000.0,7500.59,26228,13835.12,2171.92,-1,-0.7934279687532505
CONFLANS-SAINTE-HONORINE,55669.5,48141.36,40772.84,0.0,9348.41,35946,14621.35,2621.7,-1,-0.7928913278100274
CENON,37877.09,36219.29,19001.05,5000.0,2727.59,25723,17175.51,6125.84,-1,-0.7928913278100274
LA VALETTE-DU-VAR,33021.22,28701.46,36348.87,9500.0,7605.29,24346,17481.06,2364.51,-1,-0.7923550498279215
WATTRELOS,54724.96,52670.16,55575.95,3500.0,2984.28,41070,3860.37,4564.3,-1,-0.7923550498279215
BOIS-COLOMBES,54743.34,51560.75,49688.74,0.0,5967.26,29082,12313.92,3219.32,-1,-0.7923550498279215
SOISSONS,45919.35,39472.18,20308.82,10500.0,8216.21,29363,27808.55,1701.25,-1,-0.7918191345614413
OULLINS,30241.72,28686.69,45413.48,20942.25,3435.47,26831,4250.67,4727.74,-1,-0.7918191345614413
VILLEFRANCHE-SUR-SAONE,50182.83,44665.28,13772.55,4000.0,7403.61,36710,16864.62,3716.83,-1,-0.7918191345614413
GOUSSAINVILLE,51525.99,51434.79,58113.85,4000.0,5967.11,31211,12213.62,1740.95,-1,-0.7918191345614413
CAGNES-SUR-MER,65750.73,58405.16,14392.9,0.0,10451.98,52669,5240.72,6191.48,-1,-0.7918064567570018
VAL-DE-REUIL,34301.5,30630.61,44402.28,7000.0,4786.63,13197,18456.15,2607.53,-1,-0.7912835817652614
SAINT-BENOIT,65329.8,57368.22,31562.18,138.72,8668.93,37285,6434.77,4195.53,-1,-0.7907483911942221
CHATILLON,63477.47,61142.44,70987.39,2000.0,4703.18,36934,6155.24,2389.9,-1,-0.7907483911942221
MANTES-LA-JOLIE,70740.86,60458.65,40729.39,0.0,13022.99,44116,9556.22,2734.68,-1,-0.7907483911942221
HERBLAY,46787.12,44022.61,41375.97,9000.0,4389.24,31545,19005.16,826.04,-1,-0.7907483911942221
CACHAN,56732.86,52006.99,47601.77,4255.64,6042.41,30714,7259.99,2434.91,-1,-0.7902135626033302
NEVERS,57881.33,53147.42,46255.94,4000.0,7161.33,34069,8002.2,2321.21,-1,-0.7902135626033302
SAINT-GERMAIN-EN-LAYE,74956.58,65388.88,8667.6,0.0,12164.8,46649,28799.46,3280.41,-1,-0.7896790957477572
COLOMIERS,69107.28,67850.36,19112.57,3850.0,3722.49,40529,6195.23,4082.5,-1,-0.7896790957477572
VANVES,50040.91,48417.71,18931.81,8573.28,2248.95,28131,17501.48,1945.96,-1,-0.789144990382841
SAINT-HERBLAIN,82094.35,71929.95,8737.92,0.0,14088.79,48135,13760.66,4400.21,-1,-0.7891323553940846
HAGUENAU,34004.56,31052.66,44026.92,2500.0,5794.81,35757,12905.37,4516.56,-1,-0.7886112462640847
MONTBELIARD,43467.83,39461.72,30206.22,5152.79,6512.03,26365,11729.65,4160.38,-1,-0.7886112462640847
SAINT-CHAMOND,47957.33,46290.48,24019.9,11000.0,4287.69,35253,13753.24,2798.68,-1,-0.7886112462640847
SAINTE-MARIE,56692.19,52618.12,39147.57,0.0,4700.18,34511,3154.43,5370.36,-1,-0.7880778631471567
EPERNAY,46511.52,46208.24,29757.51,4400.0,4709.35,22901,6230.53,6427.17,-1,-0.7880778631471567
CAMBRAI,38828.09,33602.35,38207.09,5000.0,6154.55,32794,8011.45,3834.76,-1,-0.7880778631471567
BAIE MAHAULT,78141.71,76320.21,25567.49,3000.0,4511.98,31335,18046.42,1410.25,-1,-0.7880778631471567
JOUE-LES-TOURS,50373.15,50300.21,36992.56,5940.0,2338.69,38856,10859.25,3211.54,-1,-0.7875448407878906
FRANCONVILLE,48648.05,47448.97,35311.69,6552.5,2465.9,37564,12677.35,2011.6,-1,-0.7870121789422854
VELIZY-VILLACOUBLAY,63217.81,54804.83,6696.2,0.0,12290.48,23276,16160.55,5941.81,-1,-0.7869995781019412
GRAVELINES,57314.56,52846.76,18908.24,0.0,6096.07,11202,7767.93,8192.72,-1,-0.7863695271717974
ALES,50831.07,41706.88,38639.52,3500.0,8294.66,42452,9611.15,3797.28,-1,-0.7854163540498982
SAINT-MEDARD-EN-JALLES,42616.86,39438.5,25669.6,4799.67,4219.2,32328,11523.01,4013.52,-1,-0.7848851318222239
NOGENT-SUR-MARNE,59357.0,55527.4,27386.61,0.0,4916.85,34278,8694.9,3844.51,-1,-0.7848851318222239
PONTAULT-COMBAULT,52529.06,47099.8,30188.39,3000.0,6694.45,37825,9009.05,3879.84,-1,-0.7843542688906779
CHENNEVIERES-SUR-MARNE,36089.65,29254.76,50254.65,8800.0,7400.12,18153,12232.08,837.34,-1,-0.7843542688906779
RILLIEUX-LA-PAPE,44871.96,42295.09,24930.4,0.0,5212.16,31063,14153.13,4458.13,-1,-0.7832936199440851
MALAKOFF,64855.06,63187.68,40854.0,3675.0,6113.1,31151,7419.56,1679.22,-1,-0.7832936199440851
SCHILTIGHEIM,39527.32,35074.15,24227.72,5000.0,5552.76,33978,12825.02,2820.19,-1,-0.7832936199440851
GRANDE-SYNTHE,69477.03,63696.01,12342.45,0.0,7013.49,22731,6908.66,7483.91,-1,-0.7822218809245097
BUSSY-SAINT-GEORGES,49401.25,43047.49,35191.88,802.07,9730.75,26944,17108.61,957.46,-1,-0.7817053351751826
CHATELLERAULT,44362.86,40788.08,25027.23,3000.0,5845.97,32286,8904.44,6493.91,-1,-0.7817053351751826
SAINTES,35757.58,33322.89,29366.31,5193.35,3954.94,26694,10275.14,4166.41,-1,-0.7817053351751826
LA BAULE-ESCOUBLAC,46339.33,35384.46,15718.1,787.09,13144.16,16797,17425.37,4768.6,-1,-0.7815956548916523
ETAMPES,36615.08,35112.43,49364.48,11864.74,2388.24,25813,8727.8,2404.93,-1,-0.7811766229228906
GARENNE-COLOMBES (LA ),54203.5,49925.24,13264.31,0.0,7577.1,29889,14855.14,3484.16,-1,-0.7811641155155474
ROMAINVILLE,60629.81,52649.71,35251.81,0.0,10066.42,30171,8749.25,638.71,-1,-0.7806482682690864
SAVIGNY-SUR-ORGE,53063.87,47463.79,25996.27,3000.0,7393.06,36823,8917.55,3211.06,-1,-0.7806482682690864
BETHUNE,46794.54,43372.02,42391.63,3128.47,6074.47,25388,8491.72,3068.33,-1,-0.7801202709719055
SANNOIS,40488.12,35433.61,22173.79,6223.73,6565.7,26901,4319.16,3605.98,-1,-0.7801202709719055
MONTLUCON,54113.35,49776.68,35982.24,0.0,5974.88,35431,9618.8,2987.27,-1,-0.779065347480774
AIX-LES-BAINS,45819.75,43161.34,38424.21,4400.0,6012.21,31040,7007.64,2274.5,-1,-0.779065347480774
PIERREFITTE-SUR-SEINE,50383.96,47480.02,41614.54,2000.0,4011.68,30908,10733.65,2339.73,-1,-0.779065347480774
VIENNE,45628.0,41079.95,32960.1,3300.0,5658.84,30334,11112.26,3343.08,-1,-0.778538420803912
VALLAURIS,51985.62,48173.72,44091.47,0.0,6013.9,27543,4428.58,2372.68,-1,-0.778538420803912
HENIN-BEAUMONT,45651.01,37999.28,34973.99,0.0,9718.26,26366,18353.08,2268.94,-1,-0.778538420803912
VILLIERS-LE-BEL,50447.33,43724.82,30375.32,3146.0,9225.56,28540,11619.79,1952.43,-1,-0.7780118505178505
VERNON,29711.58,26903.69,39861.88,9797.5,3753.27,24404,12112.35,2053.77,-1,-0.7780118505178505
SCEAUX,47138.57,45529.92,56438.08,3750.0,2903.54,20374,11109.51,1572.61,-1,-0.7774856363815418
BONNEUIL-SUR-MARNE,46489.68,42264.42,34784.42,8000.0,6155.18,18134,9074.2,1198.74,-1,-0.7774856363815418
SAINT-ETIENNE-DU-ROUVRAY,48171.43,48084.24,37969.63,3317.73,2320.25,28573,9384.32,3431.34,-1,-0.7769597781541013
VILLIERS-SUR-MARNE,50615.06,50516.43,54690.2,2000.0,2330.42,29014,8097.42,1067.53,-1,-0.7769597781541013
MATOURY,39829.31,39990.71,17131.67,0.0,1057.07,33696,10923.78,11408.01,-1,-0.7769597781541013
PLAISIR,45044.34,43751.99,67679.56,172.5,5129.94,31303,11136.4,1744.39,-1,-0.7769597781541013
MARCQ-EN-BAROEUL,52612.2,47112.35,9.3,0.0,7247.8,39183,15916.93,4146.21,-1,-0.7769473382625973
BEAUSOLEIL,30267.02,29525.09,12885.58,7000.0,301.47,13488,15037.08,2260.02,-1,-0.7764342755948077
SAINT LAURENT DU MARONI,55150.0,58118.16,12895.4,0.0,-1638.98,47963,16292.88,3542.72,-1,-0.7764218441171173
FOS-SUR-MER,63496.73,61463.15,12661.36,0.0,8842.83,15870,8481.23,9576.91,-1,-0.7763129051548641
NEUILLY-SUR-MARNE,53355.53,54531.6,7821.55,5000.0,2155.96,36028,14749.45,2540.71,-1,-0.7759091284631018
VIRY-CHATILLON,51342.19,48710.33,30697.72,3300.0,3683.37,31079,4273.15,3414.55,-1,-0.7759091284631018
CHATOU,43179.46,40238.43,19374.79,4000.0,4621.38,30654,16924.36,1186.6,-1,-0.7753843365185877
VIERZON,39955.01,38969.31,31221.71,2500.0,1957.7,25986,8028.65,4817.84,-1,-0.7753843365185877
VILLENEUVE-SAINT-GEORGES,58905.99,54788.37,38491.54,0.0,5788.25,34992,4355.98,1392.61,-1,-0.774859899521032
LE CHESNAY-ROCQUENCOURT,45331.58,37970.11,21207.91,4300.0,8556.79,31871,7399.26,1965.78,-1,-0.7743358172303634
SAINT-LAURENT-DU-VAR,48187.63,44618.59,35394.51,0.0,5784.95,29352,5714.18,3371.58,-1,-0.7743358172303634
CALUIRE-ET-CUIRE,48065.14,41967.01,41880.49,3000.0,7408.8,43916,8215.28,2223.85,-1,-0.7738120894066733
BOURGOIN-JALLIEU,39129.2,35658.78,23746.61,5000.0,5674.73,29443,10653.44,1573.39,-1,-0.7738120894066733
CARPENTRAS,42794.5,38987.02,48409.86,3000.0,5267.49,29949,9211.95,2375.85,-1,-0.7732887158102155
MONTEREAU-FAULT-YONNE,45095.62,44711.31,26026.35,5930.0,3061.27,21422,11680.76,2365.23,-1,-0.7732887158102155
CHAMONIX-MONT-BLANC,34463.24,27370.57,38348.53,6100.0,9108.17,9026,11679.65,1256.66,-1,-0.7732887158102155
ARCUEIL,51084.83,51783.96,24008.42,15000.0,2216.29,21910,5337.93,2129.61,-1,-0.7732887158102155
SUCY-EN-BRIE,49602.57,45202.21,34669.01,2780.0,5519.43,27415,7788.39,1731.75,-1,-0.7727656962014056
POINTE A PITRE,63876.27,53168.37,36962.9,0.0,1573.95,15289,2438.72,7362.5,-1,-0.772748097234341
BRETIGNY-SUR-ORGE,37264.01,33903.64,23692.35,5000.0,5252.29,27733,11764.07,1327.72,-1,-0.7722430303408213
MEGEVE,35614.34,32220.36,26981.8,0.0,6101.03,3153,9398.6,10962.59,-1,-0.7721346777036949
YERRES,40198.18,34321.04,26332.3,3600.0,7616.19,29527,14764.44,1349.56,-1,-0.7717207179892026
PERIGUEUX,44573.15,40132.86,31801.91,3500.0,6651.87,31476,8428.31,2925.35,-1,-0.7717207179892026
DRAGUIGNAN,45138.64,39416.69,30009.56,4000.0,7410.72,40344,9922.29,2476.43,-1,-0.7711987589074509
CASTELNAU-LE-LEZ,30294.89,23299.26,21072.21,5000.0,7933.8,22916,13083.86,1434.43,-1,-0.7711987589074509
MANOSQUE,36924.41,33815.3,24885.04,5000.0,4341.03,23197,8538.85,2315.39,-1,-0.7711987589074509
BRON,47345.97,42995.24,13150.85,0.0,5885.31,42645,9383.53,7884.82,-1,-0.7706648135561462
ATHIS-MONS,54265.75,50840.12,19418.84,0.0,4866.49,36001,4981.17,2407.0,-1,-0.7701558995979635
CHARENTON-LE-PONT,66600.03,64478.97,3352.03,0.0,4364.88,30086,18924.21,1930.5,-1,-0.7696349988928389
JOINVILLE-LE-PONT,39606.64,32870.97,17953.77,0.0,4623.31,19807,41214.25,2027.08,-1,-0.7695270121859624
MARIGNANE,46670.13,40624.31,21118.11,0.0,8156.0,32612,12881.66,1852.96,-1,-0.7691144505028038
LA TESTE-DE-BUCH,42774.88,37312.26,24196.84,0.0,9311.51,26546,14612.72,1799.25,-1,-0.7691144505028038
ROCHEFORT,33962.54,29528.84,28227.39,2637.46,7161.79,24266,13295.33,2855.9,-1,-0.7691144505028038
BRUAY-LA-BUISSIERE,34594.27,31074.54,31605.14,3500.0,4625.86,22270,8366.88,3187.24,-1,-0.7685942541895671
SAUMUR,39008.47,31912.79,25722.27,0.0,8564.91,27449,12858.31,2159.09,-1,-0.7685942541895671
FRESNES,48625.85,44449.93,23320.48,750.0,5427.88,28822,3045.01,2164.09,-1,-0.768074409714999
TIGNES,32710.47,24383.19,21321.7,1000.0,9730.01,2062,7613.77,8442.23,-1,-0.7679666419728087
BRIANCON,24595.84,20830.25,44566.9,5800.0,6342.36,11659,7856.29,2432.27,-1,-0.7671127647206702
CORMEILLES EN PARISIS,44081.71,39870.74,24883.38,0.0,4830.05,25620,15465.65,1059.23,-1,-0.7670357753301549
FOUGERES,26918.59,23202.66,29725.92,5000.0,5250.92,21248,10186.37,3275.01,-1,-0.7665939222625892
MONT DE MARSAN,27107.76,26164.75,33377.23,4500.0,2455.47,31220,5692.06,3711.3,-1,-0.7665169849444241
DECINES-CHARPIEU,41713.26,39583.83,20496.29,750.0,3066.98,29069,6804.58,4058.43,-1,-0.7665169849444241
LIMEIL-BREVANNES,38887.73,34514.93,39026.26,4000.0,5784.59,27945,6947.76,1235.49,-1,-0.7665169849444241
GRIGNY,49619.63,46159.8,27935.09,1000.0,4788.46,28299,8294.73,1825.78,-1,-0.7665169849444241
BERGERAC,37050.88,34036.92,31509.1,3650.0,4866.13,27408,10187.55,2170.97,-1,-0.7659985454464524
ARCACHON,34754.01,30930.0,32461.79,1390.0,6439.77,11898,7351.36,3769.05,-1,-0.7658910689666744
CHEVILLY-LARUE,41646.19,38077.53,23344.06,0.0,5758.62,20057,8051.69,3324.94,-1,-0.7653730528116575
ROYAN,44397.45,37810.22,40385.16,0.0,8336.04,18946,11413.13,2083.99,-1,-0.7653730528116575
THIAIS,38684.77,35656.17,38366.35,3600.0,5062.13,30910,7707.84,1732.0,-1,-0.7649627181646446
SAINTE-GENEVIEVE-DES-BOIS,45279.8,43370.6,41935.36,2584.0,3841.73,36140,5638.3,2081.19,-1,-0.7649627181646446
GAGNY,52576.8,45864.94,8672.42,47.54,10210.18,39860,11223.69,2576.18,-1,-0.7644330903837803
ACHERES,31102.4,30646.62,24904.75,4514.12,2844.18,21688,10303.3,2154.92,-1,-0.7639282915880523
SAINT-MANDE,45404.31,41830.54,18089.71,2800.0,5420.75,22576,10584.86,1481.83,-1,-0.7634116029722012
AURILLAC,39897.03,36184.9,22880.11,3320.02,5955.96,26876,11014.13,2675.1,-1,-0.7634116029722012
HUEZ,37479.68,36234.66,15456.23,0.0,3828.83,1340,10748.16,7311.2,-1,-0.7633044894637006
ENGHIEN-LES-BAINS,59532.05,46981.21,5206.2,0.0,15485.71,11628,10557.82,2056.66,-1,-0.7632922682068216
GUJAN-MESTRAS,27674.32,22362.17,21221.2,8900.0,6432.63,22334,8745.69,1866.92,-1,-0.762971837619088
SOTTEVILLE-LES-ROUEN,38278.72,36533.03,25422.79,4100.0,3499.6,29513,5062.41,3488.15,-1,-0.7628952638225615
MONTELIMAR,40677.64,35552.23,32099.03,2200.0,6239.35,41052,8226.07,1429.55,-1,-0.7628952638225615
HEROUVILLE-SAINT-CLAIR,33811.31,32431.37,21687.94,2700.0,2220.93,22830,6671.32,3805.11,-1,-0.7623792739027688
PORNICHET,25373.71,19797.86,21389.94,9484.31,7274.03,11440,16896.07,492.15,-1,-0.7619401032256549
TORCY,33353.02,33614.73,25198.43,5633.33,2419.85,22134,7871.21,1299.83,-1,-0.7618636329766193
MILLAU,30597.63,26953.42,27319.66,0.0,4629.8,22659,6031.61,3902.17,-1,-0.7618636329766193
CAVAILLON,32090.89,29179.46,23974.91,3000.0,5094.8,26648,10095.14,2853.44,-1,-0.7618636329766193
CHAUMONT,31265.37,27660.09,37644.47,3700.0,4809.68,23042,8043.27,2229.87,-1,-0.7618636329766193
SAVIGNY-LE-TEMPLE,48182.31,48089.38,15524.24,1800.0,1443.19,30212,12172.51,2379.52,-1,-0.7618514347892722
VILLENAVE-D'ORNON,47142.59,41217.59,18187.85,0.01,6802.59,36959,6271.02,2885.12,-1,-0.7613483408080681
MEE-SUR-SEINE (LE ),33112.92,30378.62,21536.43,5528.2,3567.28,21059,9187.5,821.29,-1,-0.7613483408080681
GOSIER (LE),42429.55,39710.3,36754.86,1900.0,3559.5,26833,3314.78,2128.03,-1,-0.7613483408080681
PETIT-QUEVILLY (LE ),30738.39,27851.45,16603.98,3000.0,4626.89,22275,20900.32,1085.87,-1,-0.7608333971612308
RAMBOUILLET,40163.3,38417.74,37015.15,2000.0,3975.51,27636,11454.64,1471.7,-1,-0.7608333971612308
EVIAN-LES-BAINS,29559.69,25868.12,21846.52,5000.0,4974.6,9359,9015.27,2324.19,-1,-0.7608333971612308
ARGELES-SUR-MER,28630.4,25687.19,20646.78,8000.0,3363.43,10508,7598.07,2708.43,-1,-0.7603188018003818
FRONTIGNAN,35535.82,31860.66,26545.93,2300.0,4376.23,23255,6713.22,2940.89,-1,-0.7603188018003818
DAX,35342.22,32468.41,47765.11,0.0,4708.26,21684,3645.93,2761.46,-1,-0.7601062309858673
LANESTER,31217.83,28674.34,38354.01,420.0,4817.45,23599,5814.67,2620.17,-1,-0.7598045544899554
PALAISEAU,46439.5,45693.21,30823.43,3400.0,2653.22,35568,6051.59,1869.33,-1,-0.7598045544899554
DOLE,29634.63,26925.88,39780.95,3500.0,4886.97,24604,10155.17,1623.07,-1,-0.7592906549945451
SARAN,33717.7,31158.69,19948.59,9000.0,3623.7,16563,6032.77,1508.16,-1,-0.7592906549945451
RODEZ,34433.14,24484.19,1810.69,0.0,11798.25,26410,21127.65,1559.2,-1,-0.7592906549945451
FONTENAY-AUX-ROSES,42173.89,41638.85,30992.52,1900.0,1693.95,25762,8228.63,986.69,-1,-0.7592906549945451
FECAMP,30617.9,31208.41,25416.19,2000.0,1994.18,18329,7712.8,3029.18,-1,-0.7591841196920798
SANARY-SUR-MER,35575.25,29578.18,58934.06,0.0,8356.21,17160,9276.88,1159.67,-1,-0.7591841196920797
MONTGERON,34912.08,28379.7,22521.51,3000.0,7435.76,24053,9620.6,1972.03,-1,-0.7587771030789037
KOUROU,48874.2,49372.58,19441.67,1995.5,1208.48,25148,6133.04,271.11,-1,-0.7587771030789037
PONTOISE,42252.79,38021.99,18114.78,0.0,5291.31,32891,9186.73,2613.72,-1,-0.7582638985079427
LORMONT,36257.42,36683.64,27690.25,3500.0,1473.23,23498,5183.25,3067.19,-1,-0.7582638985079427
HAZEBROUCK,26354.32,26667.96,14330.98,4500.0,1001.31,21865,1446.01,3762.98,-1,-0.7582638985079427
ERMONT,40353.15,37152.88,8806.38,5000.0,4245.64,29183,9830.97,1679.68,-1,-0.7582638985079427
RIS-ORANGIS,41901.28,39623.74,31577.32,2000.0,3847.08,29927,6605.11,1507.52,-1,-0.7577510410467333
BOURG-SAINT-MAURICE,31908.78,25424.45,30097.3,3000.0,8116.43,7596,6540.25,3524.1,-1,-0.757644721765941
LOUVIERS,25786.2,24590.76,34554.51,4942.4,2549.24,18921,8572.36,2057.25,-1,-0.7573145364758826
MEYZIEU,44725.65,37534.98,15836.61,0.0,8420.93,34941,10607.52,2681.45,-1,-0.7572264063256059
SAINTE-MAXIME,43847.42,36929.24,16756.41,0.0,8894.55,14672,5424.2,4207.26,-1,-0.7571322830895538
MONTCEAU-LES-MINES,23417.51,23487.91,19208.1,6107.97,618.09,17986,6354.48,899.43,-1,-0.7567263665146465
DEAUVILLE,30863.7,27257.16,15804.17,0.0,4987.07,3625,8931.15,6191.35,-1,-0.7566201910048995
SAINT-DIE,27097.32,25091.79,38321.01,3673.47,3054.39,20060,4788.01,3928.16,-1,-0.7562145489747049
TOUQUET-PARIS-PLAGE (LE ),37355.17,35806.46,16238.12,2000.0,2847.19,4501,6921.79,4684.2,-1,-0.7561084452775583
SCHOELCHER,31363.21,29765.38,14923.48,4392.0,2563.0,19830,4767.47,3320.0,-1,-0.7557030776063858
OLIVET,31252.37,27496.93,20293.19,4000.0,5895.22,22867,9195.67,787.25,-1,-0.7551919521755537
MOUGINS,38781.45,32692.61,4000.06,2.28,8009.93,20421,11289.09,5281.18,-1,-0.7550739022872908
SAINT-FONS,34898.96,29730.94,13961.15,0.0,6511.33,19678,8485.49,4262.93,-1,-0.7550739022872908
BRIGNOLES,23449.62,23343.43,30947.36,6500.0,3689.21,17706,6807.19,921.39,-1,-0.7547569217748842
LA GARDE,45399.53,40525.03,10057.94,0.0,7628.25,25818,13123.39,2058.72,-1,-0.754669089259153
SARREGUEMINES,31339.44,29446.45,26546.84,2900.0,3722.54,21105,4006.47,3195.02,-1,-0.7543204431412209
LOOS,30500.69,26651.55,23275.66,3000.0,5471.22,23107,6184.86,2631.44,-1,-0.7541707381905985
LUNEL,36251.8,31757.93,25419.27,3000.0,5541.57,26627,6674.12,1045.02,-1,-0.7541707381905985
BERRE-L'ETANG,45384.07,45441.99,11.54,0.0,4549.71,13737,8576.85,4431.94,-1,-0.754158663174076
PETIT BOURG,37030.73,35132.1,20762.94,2341.06,3451.76,25174,6035.97,2914.2,-1,-0.7536606491689954
MIRAMAS,49965.37,48885.72,7597.48,0.0,2593.34,26828,8341.33,5434.57,-1,-0.7536485823195006
BEAUNE,29800.48,26379.49,16661.82,300.0,4512.7,21310,16085.8,1849.96,-1,-0.7535549038069429
GONFREVILLE-L'ORCHER,41836.93,40084.83,13435.73,0.0,4524.76,9183,6286.01,5153.37,-1,-0.7535428386505356
OSNY,21414.78,18636.0,19107.28,5665.65,3344.15,17685,15037.27,260.34,-1,-0.7532265008796337
SAINT-GRATIEN,29375.98,26712.8,21305.68,8300.83,3758.64,21061,4500.82,1129.53,-1,-0.7527909072938607
KREMLIN-BICETRE (LE ),44226.45,44391.63,27202.61,3000.0,1123.87,25085,3818.53,1127.55,-1,-0.7526415059000232
VIGNEUX-SUR-SEINE,41122.71,37880.97,27020.88,2400.0,3992.96,31575,4340.97,1951.74,-1,-0.7522817515312087
AVION,26703.45,22866.54,16701.34,5000.0,5123.53,17764,6491.39,1525.49,-1,-0.7511907658525045
CAHORS,29692.51,27872.68,32772.89,2530.0,3311.49,20877,7361.11,2089.3,-1,-0.7510099861972075
ALLUES (LES),35345.66,29921.18,2005.72,0.0,6943.36,1903,16226.42,3428.08,-1,-0.7505020349738644
DAMMARIE-LES-LYS,34695.29,29653.33,28095.34,500.0,6627.2,22274,6036.89,1410.3,-1,-0.7500996730322306
SAINTE-SUZANNE,37640.96,34668.15,22576.89,1000.0,3679.9,24292,4914.0,2932.72,-1,-0.7500996730322306
GIF-SUR-YVETTE,30704.9,27961.5,20164.81,3750.0,3971.0,21602,10704.21,1503.83,-1,-0.7500996730322306
TOURNEFEUILLE,35753.43,33271.49,20512.81,3700.0,3508.11,28732,5466.8,1614.08,-1,-0.7500996730322306
LE GRAND-QUEVILLY,37713.26,37369.12,1687.31,0.0,4095.45,26213,8737.28,4047.44,-1,-0.750087663197472
MITRY-MORY,40753.73,39602.58,30557.98,2585.67,2552.61,20731,7282.41,739.66,-1,-0.7499944273071317
VAUJANY,20833.11,13293.59,44961.54,515.0,7575.31,346,5912.58,3422.48,-1,-0.7499644646924104
BOURG-LA-REINE,38296.89,37673.99,27874.92,2023.95,2117.66,21410,7986.5,1256.67,-1,-0.7494871629646425
LILAS (LES),45405.74,43821.56,20722.42,0.0,3973.76,23575,3111.78,2373.44,-1,-0.7490853451199639
VILLENEUVE-LE-ROI,38032.8,30582.99,12434.51,0.0,10117.46,21775,14625.01,1327.76,-1,-0.7489750339274313
GRADIGNAN,31513.34,30587.14,24348.88,1150.0,2036.12,26028,5101.09,2896.57,-1,-0.748578695642014
TAVERNY,36654.7,32704.88,18268.09,1517.4,4977.55,27062,6041.04,1569.54,-1,-0.7480723888402291
MEYLAN,31811.47,28792.67,10642.38,4200.0,4771.09,18177,6445.39,1664.63,-1,-0.7480723888402291
LAON,38575.41,34739.23,8753.06,1644.4,5310.27,24970,11857.02,2135.92,-1,-0.7480604114642877
RIOM,26827.66,24910.31,9943.85,6214.9,2843.3,19762,11565.68,1605.39,-1,-0.7480425030118091
FORBACH,26908.9,24554.06,34781.42,2750.0,4368.7,21887,5475.84,2538.14,-1,-0.7476414596835963
ALENCON,31742.27,26632.06,10015.32,0.0,7603.46,26622,6546.31,3469.56,-1,-0.7475544552078844
LE BOURGET,25315.12,26194.07,18071.24,1250.0,-31.76,15948,24868.03,1793.26,-1,-0.7474615341952764
NOGENT-SUR-OISE,31709.74,29293.02,22780.97,1997.08,3285.14,21142,8300.91,1163.5,-1,-0.7474615341952764
VILLENEUVE-SUR-LOT,31071.54,27981.91,19871.7,3900.0,4669.77,22425,3583.03,1347.54,-1,-0.7472090959471693
ORVAULT,37318.67,34164.71,21577.63,0.0,4323.4,27908,6356.33,1352.51,-1,-0.7470608023382257
VOIRON,30973.42,28594.12,16494.83,1700.0,3618.78,20871,8736.95,1991.41,-1,-0.7469559829939949
ISLE-SUR-LA-SORGUE (L' ),29796.39,27148.74,39983.46,2207.28,4588.8,20535,5387.9,1157.61,-1,-0.7469559829939949
PETIT-CAUX,28686.98,19792.72,15411.61,0.0,10016.11,9831,8646.96,4062.17,-1,-0.7468392205337016
SAINTE ANNE,37863.74,33365.95,19873.29,0.0,5067.42,24420,5735.99,395.15,-1,-0.7450417312607489
RUNGIS,32962.79,26382.25,0.0,0.0,8051.9,5724,13391.7,3258.27,-1,-0.7450298024086212
ORANGE,37833.96,37274.67,41.69,0.0,3393.86,29437,12863.65,2114.38,-1,-0.7450298024086212
FOURMIES,16759.44,15144.07,26876.04,4240.0,2242.25,11754,14453.89,1948.28,-1,-0.7445378167112875
BRUNOY,33817.34,31200.14,28464.9,0.0,4196.14,25757,7524.9,501.75,-1,-0.7440342429882021
DENAIN,29742.43,22505.36,16841.09,1900.0,7419.76,19999,11616.71,1264.75,-1,-0.743929848297447
SAINT-AMAND-LES-EAUX,34236.92,28289.12,26760.14,0.0,6883.97,16034,4176.66,2559.96,-1,-0.7438262250295719
SAINT-LOUIS,33802.06,32025.42,19705.09,1619.13,3075.97,22700,5021.33,2401.88,-1,-0.743531009860972
COGNAC,28394.94,27232.75,24725.86,2000.0,1880.82,19104,6379.43,2449.56,-1,-0.7434266857783471
MAISONS-LAFFITTE,39396.8,35105.61,2117.89,0.0,6316.49,23862,8613.69,1916.97,-1,-0.7430162204870516
LE PUY-EN-VELAY,25771.24,23164.46,29355.55,3500.0,4183.26,20096,10834.07,1667.88,-1,-0.7429984327917378
CANET-EN-ROUSSILLON,28478.66,26376.94,18672.29,0.0,2915.12,12535,5857.64,3700.78,-1,-0.7429238635769818
DRAVEIL,33643.19,32429.88,19537.45,0.0,1798.63,28867,7018.08,1272.53,-1,-0.7425255644727757
PAVILLONS-SOUS-BOIS (LES),34094.0,31580.59,9703.78,2200.0,3951.81,23995,9251.82,2019.49,-1,-0.7425136759069573
LAMBERSART,32171.74,28848.46,13850.82,0.0,3890.75,27835,2166.97,4292.91,-1,-0.7425136759069573
WASQUEHAL,29255.45,27628.56,14813.19,2000.0,2157.46,21092,5543.41,3586.6,-1,-0.7424094945654286
BEGLES,35320.46,31651.66,5034.73,0.0,4194.48,30991,5853.6,4707.06,-1,-0.7420114712266497
VILLEPARISIS,34102.32,32300.75,6363.54,2000.0,3533.47,26678,9554.5,2444.9,-1,-0.7420114712266497
VALSERHONE,29709.93,26637.27,37483.58,0.0,4859.36,16728,6690.89,889.39,-1,-0.7419192392069047
CHALLANS,24020.27,21436.63,20303.49,3500.99,4053.28,22095,10857.81,1663.99,-1,-0.7415959071593635
MONTIGNY-LE-BRETONNEUX,46115.8,47308.33,8903.18,0.0,386.65,32741,11933.79,2014.0,-1,-0.7415096062162353
PONTET (LE ),31969.83,27056.69,15151.13,2750.0,6008.0,17177,2499.2,2599.91,-1,-0.7413022940984888
GENTILLY,42216.3,41889.67,17400.26,1400.0,1484.62,18921,1861.75,1677.85,-1,-0.741003069116061
DEUIL-LA-BARRE,30423.1,26455.19,24106.43,2200.0,4435.09,22336,4858.52,1179.37,-1,-0.7405187507210413
ILLKIRCH-GRAFFENSTADEN,29265.15,26774.52,8483.53,0.0,4823.17,27389,6814.03,3890.89,-1,-0.740506894286288
REMIRE MONTJOLY,33177.58,30136.19,2960.09,0.0,3887.1,26739,6885.11,3818.33,-1,-0.740506894286288
MONTMORENCY,32120.98,27257.88,17865.2,0.0,6216.5,21975,3501.62,1715.57,-1,-0.7401647908959818
LES ULIS,43184.49,41287.66,14169.85,0.0,3965.28,25174,10279.17,1292.02,-1,-0.7400060469077447
ARMENTIERES,34344.34,31496.5,14748.71,0.0,3662.24,25269,2600.29,3024.25,-1,-0.7400060469077447
MONTIGNY-LES-CORMEILLES,27469.38,26267.39,25821.81,4000.0,2315.4,21638,8157.64,976.3,-1,-0.7395916059798154
BARCARES LE,28162.33,26005.51,28614.73,3000.0,6202.04,5811,7457.0,1346.35,-1,-0.7394136177487728
LE GRAU DU ROI,30845.58,24006.94,26702.91,0.0,5589.63,8492,6162.28,2707.56,-1,-0.7394136177487728
MONTARGIS,26044.9,25169.18,22148.73,4000.0,1400.57,15521,7490.84,1338.23,-1,-0.7394136177487728
CARVIN,24474.67,20667.12,58684.48,0.0,7217.43,17660,5719.25,899.81,-1,-0.7393840778421525
ROQUEBRUNE-SUR-ARGENS,32533.71,25962.89,37161.22,1500.0,8249.19,15128,3496.77,1311.75,-1,-0.7393106235544171
AUCH,27456.78,23268.35,22445.59,2000.0,5311.22,23276,7203.97,983.85,-1,-0.7390913776633665
VENCE,25778.7,21975.19,20672.0,1000.0,4052.17,19242,5745.21,3061.43,-1,-0.738987676501037
SALLANCHES,25951.78,21941.29,24682.25,4000.0,5383.31,17322,7185.41,990.82,-1,-0.7385914876800823
VITRE,24806.05,25344.85,15434.48,2500.0,2315.1,19040,7805.1,3482.63,-1,-0.7384760327386712
EAUBONNE,31914.65,29766.24,11167.68,2990.0,3649.85,25653,8801.83,1525.54,-1,-0.7380060426218916
DIGNE-LES-BAINS,27297.5,23490.35,27358.12,2000.0,4215.31,17404,6106.26,2268.38,-1,-0.7379883748694739
LAGNY-SUR-MARNE,29302.99,25349.21,18510.74,53.2,4730.1,21764,8223.93,1134.87,-1,-0.7379143084768891
HALLUIN,23149.29,21511.6,20338.65,3800.0,2712.94,20857,7331.11,1985.76,-1,-0.7375927217978258
ELANCOURT,36564.65,36215.23,12324.77,3000.0,2585.82,25868,10285.35,568.96,-1,-0.7375068867130833
MOULINS,22520.04,20295.54,20126.71,2090.0,4486.67,19788,9202.28,2048.04,-1,-0.7364919555631146
PONTARLIER,24366.88,20509.23,16556.72,3200.0,4870.65,18440,5880.64,3107.24,-1,-0.7364919555631146
SAINT-CYR-L-ECOLE,28082.4,22892.45,9788.72,4000.0,6127.97,20432,8399.94,462.89,-1,-0.7364180393549821
LA PLAINE DES PALMISTES,13590.7,13517.83,14420.44,7890.34,509.12,6725,7478.28,1675.5,-1,-0.7364180393549821
REDON,13892.28,13737.14,19559.9,12608.53,828.7,10032,8332.3,1106.29,-1,-0.7360232281774489
DINARD,30094.93,26432.68,16268.7,1800.0,5087.42,10707,5688.08,1413.31,-1,-0.735919957504065
BERCK,26609.04,22502.79,18100.41,2000.0,5016.13,13813,7898.32,2085.6,-1,-0.7354960287889201
SAINT-CYPRIEN,27441.24,22685.32,29256.43,1275.0,5808.48,11190,3362.22,3187.91,-1,-0.7352476316199646
SENS,38944.76,37177.27,11794.11,0.0,3223.44,27203,10070.8,2337.0,-1,-0.7350161667219912
VANDOEUVRE-LES-NANCY,36809.29,34914.3,8398.56,0.0,3032.01,30223,4013.35,4606.47,-1,-0.7350161667219912
PORTO VECCHIO,28665.88,25867.62,24770.42,2500.0,4418.52,11312,8238.58,1060.28,-1,-0.7349248042185385
LANNION,28390.61,26962.4,17478.11,3000.0,2995.59,21146,7137.13,1323.91,-1,-0.7349248042185385
LES DEUX ALPES,23953.03,21152.97,30942.01,3000.0,5781.26,1965,4118.25,1836.39,-1,-0.7348961913319094
CHATEAUNEUF-LES-MARTIGUES,28100.85,27832.76,25948.46,0.0,1960.38,17667,4580.88,2500.81,-1,-0.7348224352787386
CESSON-SEVIGNE,21438.26,21152.37,12406.14,5692.0,2319.24,17616,9490.5,1146.87,-1,-0.7346045203801104
MOISSY-CRAMAYEL,27157.03,25501.31,18070.44,4000.0,2436.6,17984,6463.43,380.77,-1,-0.7346045203801104
CHEMILLE EN ANJOU,26989.6,21763.68,13107.48,0.0,6516.61,21432,7113.03,3313.24,-1,-0.7344896886723592
ARGENTAN,19583.72,20180.7,14418.1,2000.0,241.13,13748,7690.09,3735.22,-1,-0.7344159734168305
CLUSES,26857.35,25633.86,21529.14,2000.0,2801.29,17323,7387.84,2036.24,-1,-0.7340046632136493
ROGNAC,30320.08,29212.63,8678.15,4000.0,1645.12,12209,8286.7,699.68,-1,-0.7339309966365107
SAINT-OUEN-AUMONE(L'),33707.34,31332.99,1329.03,990.0,3748.4,24789,7543.48,1435.22,-1,-0.7335257741632148
LE BOUSCAT,28792.4,26080.85,15324.06,1200.0,3841.86,24167,6076.72,1734.24,-1,-0.7335257741632148
VILLEMOMBLE,40341.6,39588.1,663.64,0.0,2828.37,30590,7713.89,2378.1,-1,-0.7335257741632148
LA HAGUE,30865.74,30731.08,1187.55,0.0,2335.11,11509,5874.96,4156.92,-1,-0.7334228539050731
COURNON-D'AUVERGNE,24094.39,23458.46,17446.6,3217.55,2094.48,20688,2423.2,3345.37,-1,-0.7331868959486372
LOURDES,29783.44,28746.47,26758.25,0.0,1693.64,13449,4022.63,1963.8,-1,-0.7330840232381544
SAINT-JEAN-DE-LUZ,30199.35,26606.93,12204.26,0.0,4323.46,14618,9497.07,2820.79,-1,-0.7329267978702456
MORZINE,23087.21,20537.3,11009.85,2001.95,4568.85,2791,2470.06,4575.52,-1,-0.7325881963739835
ANNONAY,24079.09,22648.47,17404.37,3000.0,2238.04,16920,8142.73,2385.57,-1,-0.7324428044775264
CHAVILLE,33122.94,31264.18,13757.53,1568.31,3061.42,21081,6434.28,2223.3,-1,-0.7319356921072973
LONGJUMEAU,29631.12,27688.52,17350.54,0.0,4132.88,21412,3636.53,2161.04,-1,-0.7318454570928411
LONS-LE-SAUNIER,22909.29,22542.05,14466.65,4191.0,2549.67,17999,7678.82,2570.65,-1,-0.7316284250304852
SEVRES,40153.07,36112.89,5930.34,0.0,4996.43,23852,7616.28,1869.64,-1,-0.7315432840224376
NOGENT-LE-ROTROU,14059.17,12387.17,24829.11,4421.6,2530.64,9941,6738.06,2172.12,-1,-0.7311335826710532
ISSOIRE,20874.75,18421.91,21635.83,3100.0,3144.29,15701,8205.96,1940.92,-1,-0.731030998058876
ALLAUCH,29036.29,26617.63,18928.67,1100.0,3790.4,21597,5557.4,784.13,-1,-0.7309576299263447
HENDAYE,26184.24,23237.25,18404.33,2000.0,4446.04,17404,4324.57,2951.49,-1,-0.7309291714940321
MARSEILLAN,15713.44,15822.26,25107.76,6000.0,2368.6,7838,10870.36,538.11,-1,-0.7305365597736462
OZOIR-LA-FERRIERE,29719.54,28499.12,27681.45,1800.0,1954.07,20726,3497.37,1480.86,-1,-0.7303614937831768
CONCARNEAU,28797.55,24940.53,16938.17,0.0,4829.53,20672,5269.33,1357.86,-1,-0.7302165438055414
SAINT-SEBASTIEN-SUR-LOIRE,36111.16,32538.72,3914.16,0.0,4450.84,28169,7625.27,1856.06,-1,-0.7300599334292223
TASSIN-LA-DEMI-LUNE,20791.32,16148.14,17326.21,1400.0,5282.94,22637,5934.61,2567.8,-1,-0.7300424559054501
LISIEUX,30027.41,28222.49,5549.95,0.0,4138.15,20692,10101.79,2423.45,-1,-0.7299574994596822
MORLAIX,23961.63,23257.39,18885.21,3000.0,1651.87,15302,6780.39,2321.09,-1,-0.7298667657485284
GUYANCOURT,46650.72,44020.47,11577.97,0.0,4362.46,29932,5199.45,675.74,-1,-0.7295727603121896
ROBERT,36641.99,34121.03,7629.96,0.0,2865.65,22096,3473.79,4288.07,-1,-0.7295661519308205
PORT-DE-BOUC,33291.99,33279.56,14587.49,0.0,2487.26,16778,6867.94,2598.54,-1,-0.7294637872432622
CHAMPS-SUR-MARNE,36162.95,34938.47,12534.45,1500.0,2813.16,25808,7320.97,766.07,-1,-0.7290727044052298
COUERON,27511.21,24308.14,6487.55,2500.0,3988.61,22584,6293.52,2106.41,-1,-0.7290435776227491
SAINT-MICHEL-SUR-ORGE,29162.44,27068.09,13106.7,2150.0,3155.51,20631,6407.47,1580.91,-1,-0.7284773643624236
LE PONT-DE-CLAIX,26471.21,25416.29,22980.51,1500.0,1866.61,10792,5457.34,2900.54,-1,-0.7278941647600653
BRESSUIRE,21378.54,18881.86,26624.74,2102.24,4305.43,20847,5680.2,1614.19,-1,-0.7275769449088363
SAINTE-ROSE,14608.05,14520.43,17019.98,2500.0,787.69,6422,9111.96,3033.33,-1,-0.7275039234338749
CAUDRY,26367.58,18578.19,18456.97,3.77,8658.28,14261,5575.52,1488.33,-1,-0.7274748593248997
CREUSOT (LE ),28161.09,26658.54,18934.53,2300.0,3224.85,21567,4573.71,1290.54,-1,-0.727402588161321
CARRIERES-SUR-SEINE,21007.19,18734.1,16504.91,5000.0,3015.86,15376,5023.15,164.55,-1,-0.7271868736517322
GUERANDE,23145.26,19235.6,19963.34,1000.0,4806.5,16687,5574.79,2206.21,-1,-0.7270848427982984
CARRIERES-SOUS-POISSY,26677.58,25484.92,25618.05,0.0,2716.16,16757,9909.68,955.43,-1,-0.7270848427982984
PIERRELATTE,22173.08,23271.19,12780.9,6000.0,1356.37,13769,4442.55,1443.71,-1,-0.7269098644130094
ROMILLY-SUR-SEINE,19829.54,17722.18,29179.65,4380.0,3565.38,14798,5069.51,1008.48,-1,-0.7266950353688075
SAINT-JULIEN-EN-GENEVOIS,21908.0,17512.16,23622.0,2000.0,5627.39,16125,6203.87,1166.96,-1,-0.726593073524705
PLOEMEUR,24202.63,21759.19,15155.14,2700.0,3156.64,18417,8387.58,1797.58,-1,-0.726581440053763
PETITE-ILE,19267.64,16432.96,14768.56,4700.0,3493.83,12518,9177.47,988.42,-1,-0.7263269251313736
BISCARROSSE,26683.85,24117.35,14605.83,1930.0,4405.72,14292,5670.09,2110.98,-1,-0.7255989148485431
FONTAINE,32200.74,29789.71,13096.43,0.0,3133.05,23445,3762.29,2096.65,-1,-0.7252810618457269
CROLLES,17374.31,15038.05,12029.21,5800.0,3175.71,8549,11647.17,946.58,-1,-0.7251925426454633
PLAGNE-TARENTAISE (LA ),24470.53,21158.78,13232.94,1900.0,5638.5,3894,6452.26,1944.43,-1,-0.725119760475185
ORSAY,29349.34,26755.49,17209.16,975.9,3905.67,15832,3640.44,1655.41,-1,-0.7249459925680513
VAUVERT,16617.88,16544.4,17477.67,5863.43,814.63,11610,3971.98,1188.46,-1,-0.7248021173688464
CHILLY-MAZARIN,29285.04,29517.5,16201.15,751.0,506.03,19950,3467.18,1053.54,-1,-0.724790512572877
SAINT-JEAN-DE-BRAYE,30382.96,29108.15,13808.92,0.0,3068.52,21880,4854.13,2322.22,-1,-0.724790512572877
MOULE (LE),34322.55,33580.27,7367.48,0.0,1531.68,22423,5786.31,2142.0,-1,-0.7246466682307504
SAINT-GERVAIS-LES-BAINS,24493.76,19452.8,18583.4,0.0,5771.41,5734,7399.22,1858.54,-1,-0.7245276482940095
SAINT-AVOLD,28053.2,24253.91,19490.37,0.0,4450.35,15767,2222.83,1975.46,-1,-0.7244556699218143
EYSINES,25624.66,25052.29,13338.99,3500.0,2494.2,24752,5213.7,2550.69,-1,-0.7242292335248904
SEGRE EN ANJOU BLEU,22147.46,20155.7,22043.59,3000.0,3433.23,18295,7464.22,949.09,-1,-0.7241392118371449
PAMIERS,26327.42,25477.04,25024.47,2000.0,2586.34,16137,9276.78,950.44,-1,-0.7241392118371449
PLESSIS-TREVISE (LE ),27226.88,24537.19,14443.46,0.0,3594.39,19907,7086.49,2123.27,-1,-0.7241276176549462
BRY-SUR-MARNE,31742.85,29992.48,12204.65,1000.0,3331.04,17723,6161.03,982.67,-1,-0.7240549423632516
BORMES-LES-MIMOSAS,19351.88,17302.58,18102.59,11401.0,2501.31,8279,5150.87,576.15,-1,-0.7239940800659105
FONTAINEBLEAU,24508.19,22936.59,20691.9,3000.0,2185.38,16159,5815.38,1833.72,-1,-0.7239649423398962
BAGNOLS-SUR-CEZE,27984.45,24271.16,21669.7,1019.83,4167.84,18449,4666.79,1309.6,-1,-0.723476019305209
JUVISY-SUR-ORGE,28832.61,27036.4,10492.17,3300.0,2870.74,17581,10121.87,685.63,-1,-0.7234636996822735
FLEURY-LES-AUBRAIS,33291.03,31772.13,9807.81,2000.0,2701.32,21276,3647.88,1696.77,-1,-0.7229751151571839
COMBS-LA-VILLE,25760.18,25512.05,15582.81,2000.0,789.17,21777,3725.72,1015.36,-1,-0.7228316311048825
MONS-EN-BAROEUL,26685.02,23668.48,2.97,0.0,3511.59,21415,6355.39,1912.69,-1,-0.7222718690181508
ROISSY-EN-BRIE,27339.56,26285.67,15201.8,1400.0,1679.45,22933,6012.8,1295.08,-1,-0.7221993799741152
LUNEVILLE,23657.84,20999.04,24092.56,1000.0,3884.99,18191,3661.34,2828.67,-1,-0.7220814966454863
DIVONNE-LES-BAINS,27309.9,21725.91,13688.02,1618.77,7395.93,10190,3999.89,2103.15,-1,-0.7220699354093348
BRUGES,23896.58,21058.9,6780.44,2000.0,3858.55,19590,14712.72,2661.18,-1,-0.7220576397297271
MARMANDE,25207.38,24347.74,17243.04,1000.0,1758.51,18008,3617.23,2445.88,-1,-0.7220090267077067
CHAMBLY,14966.55,13155.48,21658.19,4000.0,3174.5,10280,11208.29,991.19,-1,-0.7218673601295221
VAL-D'ISERE,25933.36,24001.0,11701.94,0.0,3729.21,1629,4359.38,4387.81,-1,-0.7218657343885405
SAINT-GREGOIRE,17305.85,15975.02,18672.77,3000.0,3172.07,10262,6607.92,1863.6,-1,-0.7216936373703156
VERTOU,28434.79,25567.76,6796.14,2809.41,3831.34,26140,5656.15,1071.59,-1,-0.7216096524926302
PORT-JEROME-SUR-SEINE,25862.24,21290.33,11923.02,0.0,5072.8,10433,4235.87,3862.02,-1,-0.7212647310087259
KOUNGOU,25331.79,21585.21,4264.68,0.0,4675.19,32752,15732.6,1393.2,-1,-0.7204627800997697
LATTES,25192.2,19235.99,5412.09,0.0,6347.01,17680,7074.94,3107.89,-1,-0.7202606194778798
GARCHES,32147.93,31481.92,4520.72,0.0,2201.3,18233,9596.38,1827.1,-1,-0.7201464443278185
PASSY,21749.29,17695.15,16434.54,0.0,4759.08,11656,10079.96,1498.8,-1,-0.7201292041314677
ALBERTVILLE,24339.81,21812.27,28482.02,3040.0,3545.89,20066,5052.55,1001.77,-1,-0.719987017409305
SORGUES,27079.41,23874.23,6234.79,2000.0,4481.48,19127,5948.46,1961.41,-1,-0.7196306171764919
FLOIRAC,24600.06,22508.21,13964.82,0.0,3345.85,18278,4495.75,3204.44,-1,-0.7194885288983924
VIRE NORMANDIE,28533.39,26255.94,4931.55,3100.0,3609.65,17481,4203.36,2391.17,-1,-0.7194581646892309
ABBEVILLE,23892.43,23677.66,15298.71,1000.0,1053.61,23390,3869.63,1883.65,-1,-0.7192735414356713
LAMBALLE ARMOR,18620.22,15990.66,22862.89,3036.0,3449.26,17158,6356.55,329.16,-1,-0.719256322136483
LIEUSAINT,25342.91,19635.35,7634.83,4082.9,6311.47,13947,8688.2,342.36,-1,-0.719244806134159
VESINET (LE ),25717.44,25514.65,9409.87,2000.0,3486.56,16496,8138.56,1879.52,-1,-0.7191438896241715
VALBONNE,32028.14,27680.26,10333.69,0.0,4980.28,14040,7316.65,1357.61,-1,-0.7190717145121133
VALENTON,30406.69,27695.63,13284.95,0.0,5190.11,14934,7295.1,1101.41,-1,-0.7185918738956266
GIVORS,29101.2,27187.7,13.42,0.0,3939.64,20389,4135.51,1555.84,-1,-0.7185155951355138
LOON-PLAGE,20109.08,16850.44,4784.76,2000.0,4207.92,6161,9590.35,3732.08,-1,-0.7184730373479771
SAINT FRANCOIS,31222.76,31324.01,13667.96,0.0,1774.1,11849,651.77,1956.0,-1,-0.7183959642732082
CAVALAIRE-SUR-MER,23375.13,20106.44,13175.51,510.76,4318.28,7672,3236.16,4919.03,-1,-0.7183426790035287
HOUILLES,43367.07,43869.54,7256.36,0.0,2884.69,33147,7107.4,949.71,-1,-0.7183074047323504
JUVIGNAC,16873.9,14951.28,25037.95,6000.0,2784.67,11447,4608.28,172.99,-1,-0.718255737379671
ROISSY-EN-FRANCE,23421.11,18823.26,13476.21,0.0,5657.29,2859,6490.51,2010.03,-1,-0.7181829207184478
CLAYES-SOUS-BOIS (LES),29056.35,27383.99,15420.6,2000.0,2755.63,17722,4542.36,1292.06,-1,-0.7181000749909712
SAINT-MAXIMIN-LA-SAINTE-BAUME,17353.3,16167.91,12072.52,4000.15,1893.39,17592,8115.32,810.67,-1,-0.7179485353003433
OYONNAX,33885.78,31611.18,4996.64,0.0,3702.06,22935,11360.07,1120.81,-1,-0.7178215721446671
HENNEBONT,20558.89,18767.08,15844.1,2200.0,2770.9,16467,9238.21,1549.87,-1,-0.7177863931692012
BALMA,18251.9,17257.39,10728.74,6000.0,2035.03,16912,5280.97,1222.51,-1,-0.7177258457968341
GRANDE-MOTTE (LA ),33914.43,26055.92,13443.06,0.0,8471.24,8800,8120.54,568.81,-1,-0.7176201526412048
BRIE-COMTE-ROBERT,23101.25,21442.16,15800.66,3400.0,2628.04,19129,5270.34,1900.18,-1,-0.7175439770296178
PORT-LA-NOUVELLE,15890.38,12781.99,15834.1,5000.0,3577.75,5863,5718.86,300.13,-1,-0.7175349590723763
SEDAN,24665.29,23089.67,24383.86,1000.0,2343.92,16429,4059.28,1692.69,-1,-0.7172124821723387
BIOT,18137.44,14915.8,16012.22,5400.0,3989.55,10019,4357.2,593.9,-1,-0.7171421160003562
BEAUPREAU EN MAUGES,25298.99,21863.62,4574.96,357.2,5385.89,24135,5159.78,1936.5,-1,-0.7164199884274075
BISCHHEIM,23518.09,19101.51,13031.81,2500.0,4922.12,17562,7220.78,1199.32,-1,-0.7163309374287631
HEM,25390.97,20884.01,27.45,0.0,5652.28,18810,10191.25,1393.58,-1,-0.7163309374287631
SAINT-JEAN-DE-MONTS,22466.27,17993.68,22116.35,0.0,5780.77,8922,3333.92,2540.7,-1,-0.7161421309335625
FACHES-THUMESNIL,19793.27,19279.58,14573.66,4000.0,1101.71,18313,2728.75,1279.62,-1,-0.716028608643084
PLOERMEL,12017.69,9880.03,18254.0,3400.0,3151.29,10355,9976.16,1222.99,-1,-0.7159297557632173
DUCOS,26226.87,23075.34,6751.01,0.0,2994.16,17942,3341.9,5280.98,-1,-0.7159166806796042
LES PENNES-MIRABEAU,29326.52,28942.54,8798.16,0.0,1671.82,21910,10196.56,1039.73,-1,-0.7158815255372559
PERTUIS,29014.8,28044.69,13145.06,0.0,3820.62,20866,9347.64,1014.8,-1,-0.7157810809257612
BONNEVILLE,14305.91,12274.03,15751.93,4500.0,2765.51,12915,6448.35,1134.96,-1,-0.7157091407434325
SAINT-LO,23821.22,23305.05,15679.39,0.0,1467.86,19963,4364.35,2094.01,-1,-0.7154324650760218
VERRIERES-LE-BUISSON,22777.35,20569.03,18538.93,2250.0,3100.38,15248,8227.0,696.41,-1,-0.7153737273808036
VILLENEUVE-LOUBET,27529.74,26023.76,12570.26,2000.0,2809.48,16521,6859.12,1392.23,-1,-0.7153622735426467
CARQUEFOU,27635.99,24502.6,0.0,0.0,3913.09,20831,3785.18,2193.25,-1,-0.7151924546306866
MURET,26013.41,22002.95,1685.52,0.0,5862.21,25361,10027.83,1254.04,-1,-0.7149852271098408
LONGWY,20781.21,18119.76,21069.01,2500.0,2996.41,15046,6188.82,744.29,-1,-0.7148898790077473
CROIX,26621.91,23517.42,11075.86,0.0,4949.65,21157,6597.5,1373.4,-1,-0.7148784329164795
BLANQUEFORT,22895.32,21044.3,83.26,0.0,2367.79,16024,12948.29,2833.47,-1,-0.714778129047894
EPINAY-SOUS-SENART,21671.66,20313.86,28909.7,2000.0,3276.28,12349,5092.1,969.88,-1,-0.7146484411003899
GARDANNE,37802.93,36615.9,7805.32,0.0,2425.34,21859,5695.14,1496.19,-1,-0.7143232210462126
NOGENT-SUR-SEINE,21586.74,17382.42,16490.92,0.0,5132.69,6084,7054.73,1221.68,-1,-0.7143061202569415
GRANVILLE,23827.31,21741.03,14677.95,1000.0,3648.93,13187,5811.36,1749.85,-1,-0.7139117331904906
LEGE-CAP-FERRET,26674.84,21511.97,13887.35,2400.0,6002.46,8522,7356.9,739.34,-1,-0.7137114107811409
CUGNAUX,26265.96,23621.4,13440.9,0.0,3917.79,19597,5941.83,1665.98,-1,-0.7134288736481438
LE PRE-SAINT-GERVAIS,30410.01,28013.71,9448.73,0.0,3775.9,17423,4971.65,1430.22,-1,-0.7131163518056433
COULOMMIERS,24557.06,23751.51,19879.55,1800.0,2047.68,15018,4942.93,1155.49,-1,-0.7130277114490037
AUBENAS,18469.6,15577.34,34510.24,523.0,3775.32,13255,4852.6,1298.43,-1,-0.7129992256712087
ROQUEBRUNE-CAP-MARTIN,30132.72,27216.92,10493.92,0.0,4743.17,13041,7735.23,1271.19,-1,-0.7127812211277057
CARROS,24547.51,22850.98,19297.24,1800.0,2331.83,12686,2175.54,1671.93,-1,-0.7127584262893062
SEVREMOINE,23917.62,19730.21,2915.69,6.23,5488.78,25715,6873.58,1940.05,-1,-0.7124641340995542
MONTBRISON,20574.84,16705.23,11125.29,0.0,4993.7,16538,12317.28,1689.64,-1,-0.7123852447245828
BOISSY-SAINT-LEGER,28792.52,27018.96,14304.35,0.0,3055.74,17032,4975.86,553.48,-1,-0.7121520348670607
ELBEUF,24441.29,21411.91,5136.63,0.0,4081.07,16350,7459.69,3542.01,-1,-0.7119522062260462
NEMOURS,19394.97,16647.86,14986.76,0.0,3201.75,13211,12511.74,1182.69,-1,-0.7119034176341313
SAINT-PIERRE-DES-CORPS,27824.4,24175.62,15223.35,0.0,4689.56,16217,2862.4,1121.94,-1,-0.7118830804192058
SAINTE ROSE,27062.9,21236.09,6478.32,276.08,6171.41,18279,2671.05,2380.0,-1,-0.7117831968254942
OREE D'ANJOU,17063.01,16223.47,11685.92,4000.0,2367.44,16706,8549.03,1048.03,-1,-0.7117328526925601
BOUGUENAIS,26843.05,25857.58,4137.61,2400.0,2142.37,20208,4720.18,1450.47,-1,-0.7115705117619431
CHATEAUDUN,22563.86,22545.33,22705.35,0.0,772.75,13432,1758.53,1108.81,-1,-0.7115243128757859
MENNECY,22465.62,20100.59,27638.6,2500.0,2991.4,15583,5975.27,482.42,-1,-0.7115120911368159
VILLEBON-SUR-YVETTE,26466.35,24190.5,17000.25,0.0,3150.47,10631,4100.42,1408.08,-1,-0.7114129833940831
TRELAZE,20083.67,17438.48,22020.09,1506.75,4320.24,15129,3231.84,1604.54,-1,-0.7114129833940831
CELLE-SAINT-CLOUD (LA ),30150.49,27535.59,7408.73,0.0,3313.5,21096,7397.21,1061.27,-1,-0.7104736908914939
PROVINS,21092.25,19143.35,19405.52,2000.0,2424.51,12417,6778.01,263.94,-1,-0.7104075353577405
NOYON,18359.68,18228.39,25783.19,2500.0,732.09,13450,1725.78,875.89,-1,-0.7102386828620324
LIMAY,25209.86,24675.22,18151.86,1550.0,1337.88,17241,3299.03,696.73,-1,-0.710139029992076
ROMORANTIN-LANTHENAY,27361.33,26152.28,14287.14,500.0,2753.29,18395,3506.72,1760.88,-1,-0.7099590836926732
SAINT-VULBAS,9838.3,4700.02,9074.81,6000.0,5224.81,1267,3311.35,1534.15,-1,-0.7098282643309622
TOUL,23772.1,23105.0,15977.17,1300.0,2158.23,15898,4508.67,1967.38,-1,-0.7097882267489255
MONTIGNY-LES-METZ,19100.84,17132.86,20045.22,1000.0,2518.61,22236,2556.97,1497.92,-1,-0.7096725103257302
SOISY-SOUS-MONTMORENCY,24797.51,20411.97,13848.76,0.0,5382.75,18194,9529.18,860.52,-1,-0.7094846021495708
LAMENTIN,24332.19,23858.04,6239.13,0.0,715.11,16651,2870.17,6139.32,-1,-0.7086715941868913
SAINTE-MARIE,24822.32,23036.74,6939.01,0.0,2404.21,15652,5765.86,4054.41,-1,-0.7085882985844789
NOISIEL,31307.2,30160.2,12558.47,660.0,1861.1,16067,4500.01,462.43,-1,-0.7082070217942352
CHAMALIERES,21561.72,20036.74,18887.42,2709.95,2450.39,17849,4566.96,1231.47,-1,-0.7080516235300058
PORNIC,22752.79,18432.72,8127.16,0.0,5773.92,16297,9542.2,1621.12,-1,-0.708039566559508
LA CLUSAZ,15213.55,12671.18,13737.23,4105.0,3038.83,1762,5316.75,1791.91,-1,-0.7077489948555351
VESOUL,20927.35,20193.56,27624.88,2000.0,2013.08,15663,4987.11,954.05,-1,-0.7068828714582293
DOUARNENEZ,21431.97,20279.05,22244.71,1000.0,3346.62,14365,3739.99,993.74,-1,-0.7066159069856407
FEYZIN,23969.04,21345.71,15007.31,0.0,3422.55,9954,1770.02,1857.01,-1,-0.7065167624236967
CAPESTERRE BELLE EAU,28954.25,25740.6,12438.25,0.0,3631.19,17914,4998.1,588.88,-1,-0.7063998541868606
CHENOVE,24243.59,24063.88,10321.39,2759.0,959.0,14216,4838.55,2187.41,-1,-0.7062943423528281
SENLIS,27447.77,25355.79,12882.14,1400.0,2882.08,15386,5708.76,606.03,-1,-0.7062250473664752
MAUGUIO,28157.16,25475.33,8767.33,0.0,3891.11,16899,6259.42,1160.36,-1,-0.7061605651388752
SAINT-CYR-SUR-LOIRE,20632.82,17824.71,17395.82,2100.0,3860.48,16834,4500.55,798.89,-1,-0.7061379820299359
MONTEVRAIN,17747.43,16431.37,22648.08,1400.0,3018.15,13628,5285.53,115.46,-1,-0.7060389045251583
SAINT-OMER,18469.97,15730.15,16202.3,2200.0,3997.24,15559,5057.08,1869.14,-1,-0.7060074228697378
LEUCATE,19524.34,16161.9,14594.16,2000.0,4201.58,4670,7317.1,1050.34,-1,-0.7057795669818898
DEMBENI,14030.27,14671.09,4559.8,0.0,-203.97,16116,8741.65,3991.32,-1,-0.7051413335423268
GUERET,18222.06,17538.08,15636.26,2000.0,1570.61,13371,6687.7,894.64,-1,-0.7051003207533713
NEUILLY-PLAISANCE,29573.42,27009.22,8875.75,0.0,3490.05,21007,4822.99,817.44,-1,-0.7049674869358161
THOUARS,17325.42,15089.65,12070.19,2500.0,3367.57,14230,8257.6,1369.3,-1,-0.7048138863202658
SELESTAT,25522.82,24124.74,9431.95,0.0,2543.96,19507,9701.77,1875.67,-1,-0.7047930345712864
CHATEAURENARD,20562.59,20067.24,12763.93,1000.0,2800.76,16315,7176.15,1989.34,-1,-0.7047930345712864
LA FLECHE,21411.97,20379.26,19384.43,745.0,2169.33,15929,2149.19,1405.67,-1,-0.704380686386208
TULLE,20372.06,18304.86,17644.83,1900.0,2972.16,15475,4361.81,1531.3,-1,-0.7042295125027408
TARNOS,24340.99,21266.22,11937.85,2702.2,3672.65,12933,5918.65,888.15,-1,-0.7042175206165933
RIVE-DE-GIER,20956.4,18102.01,11338.46,2380.0,3302.99,15099,5897.07,1466.94,-1,-0.7041187125698106
AUTUN,17031.11,15023.22,20592.32,2000.0,2822.82,14009,6320.69,1242.6,-1,-0.7040844423677005
RUMILLY,23816.32,21114.0,5893.07,0.0,3714.95,16145,7669.81,2733.01,-1,-0.7034048372589584
BOULAZAC ISLE MANOIRE,17679.48,15275.29,14512.3,2500.0,4312.64,11078,6790.89,1100.54,-1,-0.7030076336973248
PUBLIER,17490.29,13278.77,20736.64,0.0,4900.87,7554,4168.41,1254.14,-1,-0.7028257035368324
COUDEKERQUE-BRANCHE,29175.7,25673.2,5455.25,0.0,4592.79,21144,3864.77,959.51,-1,-0.7027261248935023
CESTAS,27285.79,25474.09,6716.92,0.0,2473.56,17329,3783.25,2993.71,-1,-0.702650815403915
AURAY,20027.27,18572.52,11978.65,3000.0,2454.4,14564,6484.31,1425.89,-1,-0.7017407516516208
SAINT-EGREVE,27464.62,25855.64,1384.14,0.0,2444.14,16164,3800.55,1944.16,-1,-0.7016726173088565
